,Завислі речовини,Дiоксид сiрки,Оксид вуглецю,Дiоксид азоту,Оксид азоту,Фенол,Амiак,Формальдегiд,Сажа
1/27/2020,"0.5","0.1","0.5","0.7","0.2","0.6","0.1","1.1",
1/28/2020,"0.4","0.1","0.5","0.7","0.2","0.5","0.1","1.2",
1/29/2020,"0.2","0.1","0.4","0.7","0.4","0.6","0.1","0.7",
1/30/2020,"0.2","0.1","0.4","0.5","0.3","0.5",0,"0.9",
1/31/2020,"0.2","0.2","0.4","0.6","0.3","0.5",0,"0.9",
2/1/2020,"0.2","0.1","0.4","0.5","0.2","0.5",0,"1.2",
2/2/2020,"0.25","0.1","0.4","0.65","0.2","0.6",0,"1.25",
2/3/2020,"0.3","0.1","0.4","0.8","0.2","0.7",0,"1.3",
2/4/2020,"0.4","0.2","0.4","0.7","0.2","0.5",0,"1.2",
2/5/2020,"0.2","0.2","0.4","0.7","0.3","0.4",0,"0.9",
2/6/2020,"0.4","0.2","0.4","0.7","0.3","0.8",0,1,
2/7/2020,"0.3","0.2","0.4","0.6","0.2","0.9",0,1,
2/8/2020,"0.3","0.2","0.4","0.6","0.1","0.8",0,1,
2/9/2020,"0.35","0.15","0.25","0.5","0.4","0.6","0.05",1,
2/10/2020,"0.4","0.1","0.1","0.4","0.7","0.4","0.1",1,
2/11/2020,"0.2","0.2","0.2","0.4","0.6","0.3",0,"0.6",
2/12/2020,"0.4","0.1","0.1","0.4","0.7","0.3",0,"0.6",
2/13/2020,"0.4","0.2","0.2","0.4","0.6","0.2",0,"0.8",
2/14/2020,"0.3","0.1","0.1","0.4","0.7","0.3",0,"0.8",
2/15/2020,"0.4","0.2","0.2","0.4","0.7","0.1",0,"0.8",
2/16/2020,"0.35","0.2","0.3","0.55","0.5","0.4","0.1","0.8",
2/17/2020,"0.3","0.2","0.4","0.7","0.3","0.7","0.2","0.8",
2/18/2020,"0.3","0.2","0.5","0.8","0.2","0.8","0.1","1.1",
2/19/2020,"0.4","0.2","0.5","0.7","0.3","0.7","0.2","0.8",
2/20/2020,"0.5","0.1","0.6","0.7","0.4","0.6",0,1,
2/21/2020,"0.5","0.2","0.5","0.8","0.2","0.9",0,"0.7",
2/22/2020,"0.4","0.1","0.4","0.9","0.3","0.7",0,"0.5",
2/23/2020,"0.475","0.15","0.4","0.85","0.3","0.675","0.05","0.725",
2/24/2020,"0.55","0.2","0.4","0.8","0.3","0.65","0.1","0.95",
2/25/2020,"0.45","0.2","0.45","0.85","0.25","0.65","0.1",1,
2/26/2020,"0.65","0.2","0.45","0.8","0.45","0.55","0.15",1,
2/27/2020,"0.75","0.1","0.5","0.8","0.4","0.5","0.05",1,
2/28/2020,"0.75","0.15","0.45","0.85","0.3","0.75","0.1","0.85",
2/29/2020,"0.5","0.1","0.4","0.9","0.3","0.7","0.05","0.5",
3/1/2020,"0.65","0.15","0.4","0.9","0.3","0.65","0.025","0.8",
3/2/2020,"0.8","0.2","0.4","0.9","0.3","0.6",0,"1.1",
3/3/2020,"0.6","0.2","0.4","0.9","0.3","0.5","0.1","0.9",
3/4/2020,"0.9","0.2","0.4","0.9","0.6","0.4","0.1","1.2",
3/5/2020,1,"0.1","0.4","0.9","0.4","0.4","0.1",1,
3/6/2020,1,"0.1","0.4","0.9","0.4","0.6","0.2",1,
3/7/2020,"0.6","0.1","0.4","0.9","0.3","0.7","0.1","0.5",
3/8/2020,"0.8","0.133","0.433","0.933","0.333","0.633","0.1","0.767",
3/9/2020,"0.7","0.133","0.433","0.933","0.3","0.6","0.067","0.7",
3/10/2020,"0.8","0.2","0.5",1,"0.3","0.6",0,"0.8",
3/11/2020,"0.7","0.1","0.4","0.9","0.3","0.5","0.1","0.8",
3/12/2020,"0.7","0.1","0.4","0.9","0.2","0.6",0,1,
3/13/2020,"0.9","0.1","0.4","0.9","0.4","0.5","0.1","0.8",
3/14/2020,"0.5","0.1","0.4","0.8","0.3","0.4","0.1","0.5",
3/15/2020,"0.6","0.15","0.4","0.8","0.3","0.6","0.1","0.8",
3/16/2020,"0.7","0.2","0.4","0.8","0.3","0.8","0.1","1.1",
3/17/2020,"0.6","0.2","0.4","0.7","0.3","0.6","0.1","0.7",
3/18/2020,"0.6","0.2","0.4","0.8","0.3","0.7","0.1",1,
3/19/2020,"0.5","0.2","0.4","0.8","0.4","0.7","0.1","0.7",
3/20/2020,"0.6","0.2","0.4","0.9","0.3","0.6","0.1","0.7",
3/21/2020,"0.6","0.2","0.4","0.8","0.1","0.6","0.1","0.6",
3/22/2020,"0.5","0.15","0.35","0.75","0.2","0.6","0.1","0.7",
3/23/2020,"0.4","0.1","0.3","0.7","0.3","0.6","0.1","0.8",
3/24/2020,"0.4","0.2","0.3","0.6","0.3","0.6","0.1","0.5",
3/25/2020,"0.3","0.1","0.3","0.6","0.3","0.6","0.2","0.7",
3/26/2020,"0.4","0.1","0.3","0.7","0.2","0.5","0.1","0.4",
3/27/2020,"0.5","0.1","0.3","0.7","0.4","0.7","0.1","0.5",
3/28/2020,"0.6","0.1","0.3","0.8","0.3","0.5","0.1","0.4",
3/29/2020,"0.55","0.1","0.45","0.8","0.25","0.6","0.1","0.55",
3/30/2020,"0.5","0.1","0.6","0.8","0.2","0.7","0.1","0.7",
3/31/2020,"0.5","0.1","0.3","0.6","0.2","0.7","0.1","0.3",
4/1/2020,"0.5","0.1","0.4","0.5","0.2","0.4","0.1","0.6",
4/2/2020,"0.7","0.1","0.4","0.5","0.1","0.5","0.1","0.7",
4/3/2020,"0.7","0.1","0.4","0.5","0.2","0.3",0,"0.5",
4/4/2020,"0.7","0.1","0.4","0.5","0.2","0.5","0.1","0.4",
4/5/2020,"0.67625","0.10585","0.39165","0.5314","0.19695","0.5426","0.11375","0.6508",
4/6/2020,"0.7","0.1","0.4","0.6","0.2","0.6","0.1","0.9",
4/7/2020,"0.6","0.1","0.4","0.6","0.2","0.6","0.1","0.6",
4/8/2020,"0.7","0.1","0.4","0.5","0.3","0.5","0.1","0.7",
4/9/2020,"0.6","0.1","0.4","0.5","0.3","0.6","0.1","0.7",
4/10/2020,"0.5","0.1","0.3","0.5","0.4","0.6","0.1","0.4",
4/11/2020,"0.6","0.1","0.3","0.5","0.3","0.3",0,"0.4",
4/12/2020,"0.82865","0.1062","0.3425","0.5118","0.2804","0.5111","0.07125","0.63275",
4/13/2020,"1.1","0.1","0.4","0.5","0.3","0.7","0.1","0.9",
4/14/2020,"0.9","0.1","0.4","0.7","0.4","0.8","0.1","0.7",
4/15/2020,"0.7","0.1","0.3","0.6","0.4","0.9","0.1","0.8",
4/16/2020,"1.3","0.1","0.3","0.6","0.3","0.7","0.2","0.5",
4/17/2020,"1.2","0.1","0.4","0.6","0.4","0.8","0.2","0.8",
4/18/2020,"1.6","0.1","0.3","0.7","0.3","0.8","0.1","0.5",
4/19/2020,"1.183525","0.109925","0.360425","0.635825","0.3211","0.7074","0.085925","0.68135",
4/20/2020,"0.76705","0.11985","0.42085","0.57165","0.3422","0.6148","0.07185","0.8627",
4/21/2020,"0.75665","0.15555","0.45335","0.70745","0.40185","0.69445","0.0556","0.7643",
4/22/2020,"0.746","0.12355","0.40335","0.63425","0.3848","0.7097","0.0556","0.7524",
4/23/2020,"1.01535","0.133","0.38","0.6908","0.32395","0.65","0.1228","0.55475",
4/24/2020,"1.004","0.1223","0.42415","0.68755","0.3825","0.7037","0.1225","0.7611",
4/25/2020,"1.146233333","0.12835","0.3822166667","0.7435666667","0.3336333333","0.7654333333","0.0726","0.6552833333",
4/26/2020,"0.7901666667","0.134025","0.4119583333","0.6934333333","0.3590166667","0.6475166667","0.05815","0.7403416667",
4/27/2020,"0.4","0.1","0.4","0.6","0.4","0.5",0,"0.8",
4/28/2020,"0.6","0.2","0.5","0.7","0.4","0.6",0,"0.8",
4/29/2020,"0.8","0.1","0.5","0.7","0.4","0.5",0,"0.7",
4/30/2020,"0.7","0.2","0.5","0.8","0.3","0.6",0,"0.6",
5/1/2020,"0.8","0.1","0.4","0.8","0.4","0.6",0,"0.7",
5/2/2020,"0.692","0.157","0.464","0.787","0.367","0.731","0.045","0.811",
5/3/2020,"0.672","0.155","0.471","0.779","0.374","0.836","0.038","0.916",
5/4/2020,"0.5","0.2","0.5","0.8","0.4",1,0,"1.1",
5/5/2020,"0.7","0.2","0.5","0.8","0.4","0.9",0,"0.9",
5/6/2020,"0.6","0.2","0.5","0.8","0.3","0.6",0,"0.9",
5/7/2020,"0.5","0.2","0.5","0.7","0.4","0.7","0.1","0.6",
5/8/2020,"0.7","0.2","0.4","0.7","0.2","0.8",0,"0.8",
5/9/2020,"0.623","0.144","0.438","0.719","0.292","0.791","0.057","0.907",
5/10/2020,"0.657","0.133","0.438","0.715","0.243","0.8","0.046","1.068",
5/11/2020,"0.7","0.1","0.4","0.8","0.2","0.9","0.1","1.3",
5/12/2020,"0.6","0.1","0.5","0.6","0.3","0.7",0,"1.1",
5/13/2020,"0.6","0.1","0.4","0.6","0.3","0.6",0,1,
5/14/2020,"0.5","0.1","0.4","0.6","0.3","0.8",0,1,
5/15/2020,"0.6","0.1","0.4","0.5","0.2","0.7",0,"1.3",
5/16/2020,"0.8","0.1","0.4","0.6","0.3","0.8",0,"0.6",
5/17/2020,"0.6867","0.12895","0.4175","0.6103","0.1859","0.70275","0.05105","0.8276",
5/18/2020,"0.6","0.1","0.4","0.6","0.1","0.6","0.1","1.1",
5/19/2020,"0.5","0.1","0.4","0.6","0.1","0.7","0.1","0.8",
5/20/2020,"0.5","0.1","0.5","0.6","0.2","0.4","0.1",1,
5/21/2020,"0.5","0.1","0.4","0.5","0.1","0.4","0.1","0.9",
5/22/2020,"0.7","0.2","0.4","0.6","0.2","0.3","0.1","0.7",
5/23/2020,"0.5","0.1","0.4","0.6","0.1","0.7","0.1","0.6",
5/24/2020,"0.49335","0.1003","0.41415","0.67485","0.297","0.6449","0.06955","0.7512",
5/25/2020,"0.5","0.1","0.4","0.7","0.5","0.5",0,"0.9",
5/26/2020,"0.3","0.1","0.4","0.6","0.3",1,0,"0.9",
5/27/2020,"0.3","0.1","0.4","0.5","0.3","0.9",0,"0.8",
5/28/2020,"0.2","0.1","0.5","0.5","0.5","0.9","0.1","0.8",
5/29/2020,"0.3","0.1","0.5","0.5","0.2","0.7","0.1","0.7",
5/30/2020,"0.3","0.1","0.4","0.6","0.1","0.7",0,"0.4",
5/31/2020,"0.3453","0.1076","0.4842","0.63225","0.0848","0.72965","0.04875","0.6821",
6/1/2020,"0.4","0.1","0.5","0.7","0.1","0.8","0.1","0.9",
6/2/2020,"0.4","0.2","0.6","0.7","0.1","0.3",0,"1.1",
6/3/2020,"0.5","0.1","0.5","0.9","0.2","0.7",0,"0.7",
6/4/2020,"0.4","0.2","0.5","0.8","0.2","0.4","0.1","0.7",
6/5/2020,"0.3","0.1","0.5","0.9","0.2","0.7",0,"0.7",
6/6/2020,"0.6","0.1","0.5","1.1","0.1","0.7",0,1,
6/7/2020,"0.508","0.117","0.467","0.917","0.194","0.717","0.037","0.91",
6/8/2020,"0.652","0.131","0.531","0.925","0.191","0.75","0.053","1.074",
6/9/2020,"0.6","0.1","0.5","0.8","0.2","0.8","0.1","1.1",
6/10/2020,"0.7","0.2","0.7","0.9","0.2","0.8",0,"1.2",
6/11/2020,"0.8","0.2","0.6","0.9","0.3","0.6",0,1,
6/12/2020,"0.9","0.1","0.6","0.9","0.2","0.8",0,1,
6/13/2020,"0.7","0.2","0.6","0.9","0.2","0.7",0,"1.1",
6/14/2020,"0.7439","0.1846","0.6028","0.8692","0.19985","0.63885","0.05445","1.12445",
6/15/2020,"0.8","0.2","0.6","0.8","0.2","0.5","0.1","1.1",
6/16/2020,"0.9","0.2","0.6","0.8","0.1","0.6","0.1","1.1",
6/17/2020,"0.7","0.2","0.7","0.8","0.3","0.5","0.1","1.1",
6/18/2020,"0.9","0.1","0.5","0.8","0.4","0.5","0.1","1.3",
6/19/2020,"0.7","0.2","0.5","0.8","0.3","0.6","0.1","1.2",
6/20/2020,"0.7","0.2","0.5","0.8","0.3","0.4",0,"1.2",
6/21/2020,"0.75","0.14395","0.49165","0.76735","0.37215","0.4815","0.0697","1.3808",
6/22/2020,"0.8","0.1","0.5","0.7","0.4","0.6","0.1","1.5",
6/23/2020,"0.8","0.1","0.5","0.7","0.2","0.7",0,"1.5",
6/24/2020,"0.9","0.1","0.4","0.7","0.4","0.7","0.1","1.1",
6/25/2020,"0.7","0.1","0.6","0.9","0.2","0.5","0.1","1.1",
6/26/2020,"0.9","0.1","0.5",1,"0.4","0.9",0,"1.2",
6/27/2020,"0.5","0.1","0.5",1,"0.4","0.7","0.1","1.2",
6/28/2020,"0.6","0.1","0.5",1,"0.4","0.9","0.1","1.2",
6/29/2020,"0.673","0.13","0.551","0.924","0.394","0.727","0.063","1.163",
6/30/2020,"0.747","0.125","0.595","0.85","0.367","0.685","0.075","1.215",
7/1/2020,"0.8","0.1","0.6","0.8","0.4","0.6","0.1","1.1","0.5"
7/2/2020,"0.8","0.1","0.7","0.7","0.3","0.6","0.1","1.3","0.4"
7/3/2020,"0.6","0.1","0.6","0.9","0.4","0.6","0.1","1.4","0.6"
7/4/2020,"0.7","0.2","0.5",1,"0.4","0.5","0.1","1.1","0.6"
7/5/2020,"0.6547","0.1667","0.4817","0.9471","0.32115","0.6685","0.1893","1.44585","0.5"
7/6/2020,"0.6","0.2","0.5","0.9","0.2","0.8","0.2","1.8","0.4"
7/7/2020,"0.9","0.2","0.5","1.1","0.2","0.7","0.1","1.7","0.6"
7/8/2020,"0.5","0.2","0.3","0.7","0.3","0.6","0.1","1.5",0
7/9/2020,"0.6","0.1","0.5","0.5","0.2","0.4","0.1","0.7","0.2"
7/10/2020,"0.6","0.1","0.5","0.7","0.3","0.5","0.1","0.7",0
7/11/2020,"0.4","0.1","0.5","0.7","0.3","0.5","0.1","0.6",0
7/12/2020,"0.54665","0.1234","0.5083","0.80735","0.25435","0.5713","0.06585","0.6002","0.26665"
7/13/2020,"0.7","0.1","0.5","0.9","0.2","0.7","0.1","0.6","0.5"
7/14/2020,"0.5","0.1","0.5","0.6","0.2","0.6","0.1","0.4","0.5"
7/15/2020,"0.5","0.1","0.4","0.7","0.2","0.6","0.1","0.6","0.2"
7/16/2020,"0.6","0.1","0.5","0.9","0.4","0.6",0,"0.8","0.2"
7/17/2020,"0.6","0.1","0.5",1,"0.3","0.7","0.1","0.7","0.4"
7/18/2020,"0.6","0.1","0.4",1,"0.3","0.7","0.1","0.4","0.4"
7/19/2020,,,,,,,,,
,,,,,,,,,
9/8/2020,"1.7","0.1","0.4","0.6","0.2","0.6","0.1","0.9","0.3"
9/9/2020,"1.4","0.2","0.4","0.7","0.4","0.7","0.1",1,"0.3"
9/10/2020,1,"0.2","0.4","0.8","0.2","0.7","0.1","1.1","0.3"
9/11/2020,1,"0.1","0.4","0.7","0.4","0.7","0.1","0.8","0.2"
9/12/2020,1,"0.2","0.5","0.8","0.2","0.8","0.1","0.9","0.3"
9/13/2020,"0.952","0.14275","0.45665","0.79525","0.2978","1.14305","0.10035","1.11015","0.3333"
9/14/2020,"0.9","0.1","0.4","0.8","0.4","1.4","0.1","1.3","0.3"
9/15/2020,"1.1","0.1","0.4","0.8","0.3","0.6","0.1","0.9","0.4"
9/16/2020,1,"0.1","0.4","0.7","0.4","0.7","0.1","0.7",0
9/17/2020,1,"0.1","0.4","0.9","0.4","1.1","0.1","0.9","0.4"
9/18/2020,"0.9","0.1","0.4","0.7","0.4",1,"0.1","0.6",0
9/19/2020,"0.8","0.1","0.4","0.7","0.3","0.5","0.1","0.6","0.2"
9/20/2020,"0.656","0.1309","0.48585","0.7228","0.3147","0.53845","0.11315","0.81945","0.2"
9/21/2020,"0.5","0.1","0.5","0.7","0.3","0.6","0.1","1.1","0.2"
9/22/2020,"0.5","0.1","0.6","0.8","0.4","0.8","0.1","0.8","0.2"
9/23/2020,"0.5","0.2","0.6","0.9","0.3","0.5","0.1","0.3","0.2"
9/24/2020,"0.8","0.1","0.5","0.9","0.2","0.5","0.1","0.9","0.2"
9/25/2020,"0.8","0.1","0.5",1,"0.1","0.7","0.1","0.7","0.5"
9/26/2020,"0.9","0.1","0.4","0.8","0.4","0.6","0.1","0.8","0.2"
9/27/2020,"1.03635","0.14005","0.41385","0.7582","0.2718","0.65975","0.13855","0.8315","0.2"
9/28/2020,"1.2","0.2","0.4","0.7","0.2","0.7","0.2","0.9","0.2"
9/29/2020,"0.9","0.1","0.3","0.6","0.1","0.4","0.2","0.6","0.2"
9/30/2020,"1.4","0.2","0.3","0.6","0.1","0.6","0.1","0.5",0
10/1/2020,"0.8","0.2","0.5","0.6","0.3","0.7","0.1","0.7","0.2"
10/2/2020,"0.8","0.2","0.4","0.8","0.2","0.7","0.1","0.9","0.9"
10/3/2020,"0.8","0.1","0.4","0.8","0.1","0.7","0.1","0.5","0.9"
10/4/2020,"0.70375","0.1642","0.4693","0.7245","0.3147","0.91895","0.118575","0.82405","0.8667"
10/5/2020,"0.6","0.2","0.5","0.7","0.5","1.1","0.17085","1.1","0.9"
10/6/2020,"0.8","0.2","0.5","0.7","0.5",1,"0.115","0.7","0.7"
10/7/2020,"0.8","0.2","0.4","0.7","0.6","0.9","0.12125","0.8","0.5"
10/8/2020,"0.9","0.2","0.5","0.8","0.3","0.5","0.09875","0.7","0.7"
10/9/2020,"1.1","0.2","0.4","0.7","0.4","0.8","0.0772","0.5","0.7"
10/10/2020,1,"0.2","0.4","0.7","0.5","0.6","0.0991","0.6","0.5"
10/11/2020,"0.8","0.1673","0.5073","0.63885","0.39445","0.7347","0.1252875","0.71965","0.9"
10/12/2020,"0.6","0.2","0.6","0.6","0.3","0.8","0.151475","0.9","1.3"
10/13/2020,"0.5","0.2","0.5","0.6","0.2","0.9","0.07875","0.4","0.6"
10/14/2020,"0.5349","0.15515","0.51045","0.6882","0.28035","0.725","0.114075","0.56","0.86665"
10/15/2020,"0.5","0.2","0.5","0.7","0.4","0.6","0.114375","0.8","1.1"
10/16/2020,"0.5","0.2","0.5","0.7","0.2","0.8","0.0772","0.6","0.9"
10/17/2020,"0.5","0.2","0.5","0.7","0.2","0.8","0.3","0.4","0.6"
10/18/2020,"0.4787","0.1853","0.46915","0.67875","0.2664","0.7764","0.2","0.625","0.9"
10/19/2020,"0.5","0.2","0.5","0.7","0.3","0.8","0.1","0.8","1.2"
10/20/2020,"0.6","0.2","0.5","0.6","0.4","0.7",0,"0.9","0.7"
10/21/2020,"0.4","0.1","0.5","0.6","0.4","0.9","0.1","0.7","1.1"
10/22/2020,"0.4","0.2","0.6","0.7","0.4","0.9","0.1","0.5","1.1"
10/23/2020,"0.6","0.2","0.6","0.7","0.3","0.8","0.1","0.6","1.2"
10/24/2020,"0.6","0.2","0.5","0.8","0.3","0.8","0.1","0.4","1.1"
10/25/2020,,,,,,,,,
,,,,,,,,,
4/5/2021,"0.5","0.2","0.6",1,"0.5","0.5","0.1",1,"0.7"
4/6/2021,"0.5","0.2","0.5","0.8","0.4","0.7","0.1","0.7","0.6"
4/7/2021,"0.4","0.1","0.4","0.8","0.3","0.7","0.2","0.8","0.5"
4/8/2021,"0.4","0.1","0.4","0.9","0.4","0.8","0.1","0.8","0.4"
4/9/2021,"0.7","0.2","0.5","0.9","0.3","0.6","0.1","0.7","0.5"
4/10/2021,"0.6","0.1","0.4",1,"0.4","0.6","0.1","0.7","0.2"
4/11/2021,"0.6263","0.1512","0.42595","0.94815","0.3283","0.75715","0.09625","0.7878","0.46665"
4/12/2021,"0.7","0.2","0.4","0.9","0.3","0.9","0.1","0.9","0.7"
4/13/2021,"0.6","0.1","0.5","0.8","0.3","0.9",0,"0.9","0.7"
4/14/2021,"0.7","0.2","0.4",1,"0.4","0.7","0.1","0.9","0.9"
4/15/2021,"0.7","0.1","0.4","0.9","0.4","0.7","0.1","0.7","0.7"
4/16/2021,"0.4","0.1","0.4","0.8","0.4","0.6","0.1","0.8","0.6"
4/17/2021,"0.3","0.1","0.4","0.9","0.2","0.5",0,"0.4","0.9"
4/18/2021,"0.4907","0.1018","0.4275","0.8613","0.30005","0.5565","0.07295","0.66625","0.43335"
4/19/2021,"0.7","0.1","0.5","0.8","0.4","0.6","0.1","0.9",0
4/20/2021,"0.3","0.1","0.4","0.7","0.3","0.7",0,"0.7","0.4"
4/21/2021,"0.7","0.1","0.4","0.6","0.5","0.7","0.1","0.7","0.2"
4/22/2021,"0.5","0.2","0.5","0.8","0.3","0.7",0,"0.4","0.4"
4/23/2021,"0.6","0.1","0.4","0.9","0.4","0.7","0.1","0.6","0.2"
4/24/2021,"0.7","0.1","0.4","0.7","0.3","0.6",0,"0.5","0.7"
4/25/2021,"0.6813","0.1181","0.4475","0.7461","0.35765","0.54025","0.0518","0.5845","0.66665"
4/26/2021,"0.7","0.1","0.5","0.8","0.4","0.5","0.1","0.6","0.6"
4/27/2021,"0.7","0.1","0.4","0.8","0.3","0.4",0,"0.6","0.9"
4/28/2021,"0.6","0.1","0.4","0.9","0.4","0.4","0.1","0.8","0.2"
4/29/2021,"0.8","0.1","0.4",1,"0.3","0.4","0.1","0.8","0.2"
4/30/2021,"0.8","0.1","0.4","1.1","0.3","0.4",0,"0.7","0.7"
5/1/2021,"0.727","0.122","0.409","1.015","0.263","0.384","0.046","0.723","0.467"
5/2/2021,"0.636","0.107","0.382","1.053","0.218","0.364","0.033","0.764","0.467"
5/3/2021,"0.598","0.134","0.362","0.967","0.241","0.335","0.048","0.746","0.467"
5/4/2021,"0.5","0.1","0.3",1,"0.2","0.3",0,"0.9","0.2"
5/5/2021,"0.7","0.2","0.4","0.8","0.3","0.4","0.1","0.6","0.7"
5/6/2021,"0.7","0.1","0.4","0.7","0.4","0.5",0,"0.8","0.9"
5/7/2021,"0.7","0.1","0.3",1,"0.3","0.8",0,"0.8","0.2"
5/8/2021,"0.2","0.2","0.3","0.8","0.4","0.7","0.1","0.4","0.2"
5/9/2021,"0.428","0.144","0.362","0.834","0.366","0.633","0.037","0.646","0.133"
5/10/2021,"0.275","0.132","0.419","0.773","0.38","0.537","0.054","0.583","0.067"
5/11/2021,"0.4","0.1","0.4","0.8","0.4","0.4",0,"0.8",0
5/12/2021,"0.3","0.1","0.5","0.8","0.4","0.5","0.1","0.6",0
5/13/2021,"0.5","0.1","0.5","0.8","0.4","0.5",0,"0.9","0.6"
5/14/2021,"0.5","0.1","0.4","0.8","0.4","0.7",0,"0.7","0.9"
5/15/2021,"0.6","0.1","0.4","0.9","0.4","0.5","0.1","0.9","0.6"
5/16/2021,"0.5407","0.1198","0.41575","0.96135","0.49045","0.75695","0.0653","0.97305","0.66665"
5/17/2021,"0.5","0.1","0.5",1,"0.6",1,"0.1","1.1","0.7"
5/18/2021,"0.4","0.1","0.4","0.8","0.7","0.9","0.1","1.2","0.5"
5/19/2021,"0.4","0.1","0.4","0.8","0.2","0.8","0.1","1.3","0.6"
5/20/2021,"0.5","0.2","0.4","0.8","0.4","0.8",0,"1.2","0.6"
5/21/2021,"0.6","0.2","0.4","0.8","0.3",1,"0.1","0.9","0.6"
5/22/2021,"0.6","0.2","0.3","0.9","0.2","0.5","0.1","0.9","0.7"
5/23/2021,"0.57065","0.13775","0.40585","0.9617","0.26035","0.7347","0.08725","1.02105","0.8"
5/24/2021,"0.6","0.1","0.5","1.1","0.3","0.9","0.1","1.1","0.9"
5/25/2021,"0.6","0.1","0.4",1,"0.3","0.8","0.2","1.2","0.3"
5/26/2021,"0.6","0.2","0.4","1.1","0.4","0.8","0.1","1.1","0.7"
5/27/2021,"0.7","0.2","0.5",1,"0.1","0.8","0.1","1.2","0.9"
5/28/2021,"0.7","0.1","0.5","1.1","0.2","0.8","0.1","1.2","0.6"
5/29/2021,"0.6","0.1","0.4",1,"0.3","0.9","0.1","0.8","0.2"
5/30/2021,"0.3","0.1","0.4","0.7","0.4","0.6","0.1","0.9","0.6"
5/31/2021,"0.35865","0.1454","0.3858","0.72565","0.2904","0.5921","0.164","0.7873","0.4"
6/1/2021,"0.4","0.1","0.4","0.7","0.2","0.5","0.2","0.7","0.2"
6/2/2021,"0.2","0.1","0.4","0.7","0.3","0.7","0.1","0.7","0.2"
6/3/2021,"0.3","0.1","0.4","0.6","0.2","0.8","0.1","0.7","0.2"
6/4/2021,"0.4","0.1","0.4","0.9","0.1","0.8","0.1","0.5","0.2"
6/5/2021,"0.5","0.1","0.3","0.7","0.1","0.7","0.1","0.5","0.3"
6/6/2021,"0.56265","0.10255","0.3775","0.7519","0.1326","0.7926","0.0785","0.89805","0.4333"
6/7/2021,"0.6","0.1","0.5","0.8","0.1","0.9","0.1","1.3","0.5"
6/8/2021,"0.6","0.1","0.4","0.8","0.4","0.8",0,"1.1","0.6"
6/9/2021,"0.6","0.1","0.5",1,"0.4","0.7",0,"1.1","0.9"
6/10/2021,"0.5","0.1","0.5","0.8","0.2","0.7",0,"0.8","0.9"
6/11/2021,"0.6","0.1","0.4","0.9","0.3","0.6",0,"1.2","0.9"
6/12/2021,"0.7","0.1","0.4","0.9","0.2","0.7",0,"0.9","0.7"
6/13/2021,,,,,,,,,
,,,,,,,,,
8/16/2021,"0.7","0.2","0.6",1,"0.5","0.8",0,"1.4",
8/17/2021,"0.6","0.1","0.6","1.1","0.5","0.7","0.1","1.2",
8/18/2021,"0.7","0.1","0.5",1,"0.5","0.8",0,"0.9",
8/19/2021,"0.7","0.1","0.5","1.1","0.6","0.9",0,"1.3",
8/20/2021,"0.4","0.1","0.5","1.1","0.7","0.8","0.1","1.4",
8/21/2021,"0.5","0.1","0.5","0.9","0.4","0.8",0,1,
8/22/2021,"0.51015","0.13315","0.46295","0.8758","0.4178","0.84905","0.02505","1.14215",
8/23/2021,"0.5","0.1","0.5","0.8","0.4","0.9",0,"1.3",
8/24/2021,"0.5","0.1","0.5","0.9","0.5","0.9","0.1","1.4",
8/25/2021,"0.5","0.1","0.4","0.8","0.7","0.8",0,"1.3",
8/26/2021,"0.3","0.1","0.4",1,"0.7","0.8",0,"1.2",
8/27/2021,"0.4","0.1","0.5","0.9","0.7","0.7",0,"1.5",
8/28/2021,"0.428","0.117","0.423","0.954","0.645","0.758","0.057","1.331",
8/29/2021,"0.431","0.121","0.411","0.926","0.615","0.77","0.091","1.254",
8/30/2021,"0.6","0.1","0.4",1,"0.6","0.8","0.1","1.3",
8/31/2021,"0.3","0.1","0.4","0.9","0.6","0.9","0.1",1,
9/1/2021,"0.6","0.2","0.4","1.1","0.3","0.9","0.1","1.2","0.9"
9/2/2021,"0.5","0.1","0.5",1,"0.3","0.7","0.1","1.5","0.7"
9/3/2021,"0.5","0.1","0.5","0.9","0.3","0.9","0.2","1.3","0.7"
9/4/2021,"0.4","0.1","0.4",1,"0.5","0.9","0.2","1.3","0.2"
9/5/2021,"0.57665","0.1018","0.45065","0.90465","0.4177","0.9301","0.1669","1.19085","0.36665"
9/6/2021,"0.7","0.1","0.5","0.8","0.3",1,"0.1","1.1","0.5"
9/7/2021,"0.5","0.1","0.5","0.8","0.4",1,"0.1",1,"0.9"
9/8/2021,"0.6","0.1","0.5","0.9","0.5","0.9","0.1","1.1","0.9"
9/9/2021,"0.7","0.1","0.5",1,"0.4","1.3","0.1","0.9",1
9/10/2021,"0.7","0.1","0.6",1,"0.5","1.1","0.1","0.8","0.9"
9/11/2021,"0.5","0.1","0.5","0.8","0.6","0.5","0.1","0.8","0.4"
9/12/2021,"0.5895","0.13225","0.4949","0.93145","0.52375","0.4222","0.08025","0.98815","0.73335"
9/13/2021,"0.7","0.2","0.5","1.1","0.5","0.4","0.1","1.2","1.1"
9/14/2021,"0.6","0.2","0.5","0.9","0.4","1.3",0,1,"0.7"
9/15/2021,"0.6","0.1","0.5","0.8","0.3","1.1","0.1","0.9","0.4"
9/16/2021,"0.6","0.2","0.5","0.8","0.6","0.2","0.1","0.8","0.4"
9/17/2021,"0.6","0.1","0.5","0.9","0.3","0.5","0.1","0.9",1
9/18/2021,"0.6","0.1","0.3","0.7","0.4","0.4",0,"0.5",1
9/19/2021,"0.5158","0.08605","0.3854","0.6754","0.3241","0.4361","0.0663","0.74555","0.93335"
9/20/2021,"0.5","0.1","0.4","0.7","0.2","0.5","0.1",1,"0.9"
9/21/2021,"0.4","0.1","0.4","0.6","0.4","0.6",0,1,"0.7"
9/22/2021,"0.2","0.1","0.4","0.8","0.3","0.3","0.1","0.9","0.7"
9/23/2021,"0.3","0.1","0.4","0.6","0.3","0.5","0.1","1.1","0.9"
9/24/2021,"0.3","0.1","0.4","0.6","0.2","0.6","0.1","0.7","0.6"
9/25/2021,"0.4","0.1","0.4","0.7","0.3","0.5",0,"0.3","0.7"
9/26/2021,"0.4658","0.12435","0.36215","0.77685","0.3676","0.6845","0.0654","0.6711","0.66665"
9/27/2021,"0.5","0.2","0.4","0.8","0.4","0.9","0.1",1,"0.6"
9/28/2021,"0.4","0.1","0.4","0.7","0.5",1,0,"0.9","0.6"
9/29/2021,"0.7","0.1","0.4","0.7","0.5","0.9","0.1","0.9","0.2"
9/30/2021,"0.6","0.1","0.4","0.8","0.3","0.4","0.1","0.5","0.5"
10/1/2021,"0.6","0.1","0.4","0.8","0.3","0.8","0.1","0.7","0.2"
10/2/2021,"0.6","0.1","0.4","0.8","0.4",1,"0.1","0.8","0.7"
10/3/2021,"0.643","0.108","0.4","0.798","0.373","0.899","0.133","0.528","0.745"
10/3/2021,"0.668","0.12","0.386","0.784","0.475","0.825","0.233","0.313","1.082"
10/4/2021,"0.7","0.1","0.4","0.8","0.4","0.9","0.2","0.1","1.3"
10/5/2021,"0.7","0.1","0.4","0.8","0.6","0.6","0.4","0.1","1.2"
10/6/2021,"0.6","0.1","0.4","0.8","0.5","0.9","0.4","0.1","1.1"
10/7/2021,"0.8","0.1","0.4","0.7","0.5","0.8","0.6",0,"1.2"
10/8/2021,"0.7","0.1","0.4","0.8","0.5","0.5","0.4","0.1","1.1"
10/9/2021,"0.6","0.1","0.3","0.6","0.4","0.6","0.2",0,"1.1"
10/10/2021,"0.6591","0.12385","0.39885","0.67625","0.4202","0.7472","0.46665","0.05695","1.006"
10/11/2021,"0.8","0.1","0.5","0.7","0.4","0.9","0.7","0.1","0.9"
10/12/2021,"0.7","0.2","0.5","0.8","0.5","0.5",1,0,1
10/13/2021,"0.6","0.1","0.5","0.8","0.5","0.8","0.9",0,"0.9"
10/14/2021,"0.6","0.1","0.6","1.1","0.4","0.6","1.4",0,1
10/15/2021,"0.7","0.1","0.5",1,"0.4","0.7","0.9",0,"0.8"
10/16/2021,"0.631","0.117","0.531","0.996","0.403","0.691","1.111","0.057","1.095"
10/17/2021,"0.607","0.127","0.472","0.901","0.394","0.691","0.933","0.054","1.259"
10/18/2021,"0.6","0.1","0.5","0.9","0.4","0.7","1.1","0.1","1.5"
10/19/2021,"0.5","0.2","0.4","0.8","0.4","0.6","0.9",0,"1.5"
10/20/2021,"0.5","0.1","0.5","0.7","0.4","0.8","0.9","0.1","1.1"
10/21/2021,"0.7","0.1","0.5","0.7","0.4","0.7","0.6","0.1","1.1"
10/22/2021,"0.7","0.1","0.5","0.8","0.6","0.6","1.1",0,"1.3"
10/23/2021,"0.8","0.2","0.5","0.8","0.4","0.4","0.9",0,"0.7"
10/24/2021,"0.714","0.1396","0.5052","0.8274","0.4368","0.6167","0.7688","0.1961","0.9884"
10/25/2021,"0.6113","0.124","0.5292","0.8911","0.4345","0.7917","0.6042","0.3704","1.32"
10/26/2021,"0.4784","0.1313","0.4267","0.7866","0.3958","0.6854","0.4659","0.341","0.9359"
10/27/2021,"0.4203","0.1406","0.4782","0.7342","0.453","0.8153","0.4552","0.3583","0.9292"
10/28/2021,"0.5567","0.1143","0.4742","0.7459","0.3637","0.8202","0.311","0.2818","0.9358"
10/29/2021,"0.4814","0.1218","0.4517","0.81","0.4742","0.7618","0.5552","0.2396","0.9609"
10/30/2021,"0.6564","0.1366","0.4423","0.735","0.3811","0.557","0.4828","0.1122","0.6284"
10/31/2021,"0.6228","0.1367","0.5003","0.817","0.4208","0.7007","0.3122","0.3831","0.8808"
11/1/2021,"0.6","0.1","0.6","0.9","0.5","0.8","0.1","0.7","1.1"
11/2/2021,"0.4","0.1","0.4","0.8","0.4","0.7","0.1","0.7","0.4"
11/3/2021,"0.3","0.1","0.5","0.7","0.5","0.8",0,"0.6","0.7"
11/4/2021,"0.4","0.1","0.5","0.8","0.3","0.9",0,"0.5","0.7"
11/5/2021,"0.3","0.1","0.4","0.8","0.4","0.9",0,"0.4","0.6"
11/6/2021,"0.5","0.1","0.4","0.7","0.3","0.7",0,"0.2","0.6"
11/7/2021,"0.5346","0.1256","0.4662","0.7649","0.3852125","0.8139","0.2349","0.275","0.7116"
11/8/2021,"0.5731","0.1333","0.5292","0.8236","0.4475","0.9556","0.4375","0.3476","0.8232"
11/9/2021,"0.43","0.1305","0.5683","0.7424","0.4181","0.7","0.3992","0.3614","0.4984"
11/10/2021,"0.3087","0.14","0.6098","0.8303","0.4811","0.8153","0.9219","0.353","0.6225"
11/11/2021,"0.3472","0.095","0.6575","0.8024","0.335","0.8639","0.7443","0.2701","0.63"
11/12/2021,"0.2747","0.1213","0.4823","0.8344","0.4146","0.7556","0.4552","0.2285","0.5075"
11/13/2021,"0.3266","0.1049","0.4086","0.8031","0.352","0.7236","0.1161","0.1012","0.3875"
11/14/2021,"0.4417","0.1173","0.4543","0.7757","0.3578","0.8952","0.4247","0.0712","0.4503"
11/15/2021,"0.6","0.1","0.5","0.7","0.3635","1.1","0.7",0,"0.5"
11/16/2021,"0.4","0.2","0.7","0.7","0.332","0.7","0.7","0.1","0.6"
11/17/2021,"0.3","0.1","0.8","0.9","0.3803","0.8","1.8","0.1","0.5"
11/18/2021,"0.3","0.1","0.8","0.8","0.3595","0.8","1.5",0,"0.5"
11/19/2021,"0.3","0.1","0.6","0.8","0.3668","0.6","0.9",0,"0.4"
11/20/2021,"0.2","0.1","0.4","0.9","0.3304","0.8","0.2",0,"0.2"
11/21/2021,"0.30405","0.1653","0.4284","0.90925","0.305","0.6486","0.53335","0.06415","0.4838"
11/22/2021,"0.5","0.2","0.4","0.9","0.2796","0.5","0.9","0.1","0.8"
11/23/2021,"0.6","0.3","0.4","0.7","0.2458","0.9","0.6",0,"0.8"
11/24/2021,"0.5","0.2","0.5","0.7","0.2795",1,"0.9","0.1","0.5"
11/25/2021,"0.4","0.2","0.5","0.8","0.3841","0.7","0.9","0.1","0.5"
11/26/2021,"0.3","0.2","0.5","0.9","0.3191","0.8","0.7","0.1","0.5"
11/27/2021,"0.5","0.2","0.4","0.8","0.3089","0.7","0.7",0,"0.1"
11/28/2021,"0.35295","0.19385","0.39565","0.80095","0.2773625","0.8736","0.7333","0.07575","0.38075"
11/29/2021,"0.2","0.2","0.4","0.8","0.2458",1,"0.7","0.1","0.6"
11/30/2021,"0.4","0.2","0.4","0.6","0.2795","0.8","0.7","0.1","0.4"
12/1/2021,"0.3","0.2","0.4","0.8","0.3","0.9","0.6",0,"0.7"
12/2/2021,"0.3","0.2","0.5","0.9","0.6","0.9","0.9",0,"0.5"
12/3/2021,"0.3","0.1","0.4","0.9","0.4","0.8","0.6",0,"0.5"
12/4/2021,"0.3","0.1","0.4","0.9","0.4","0.9","0.4","0.1","0.3"
12/5/2021,,,,,,,,,
,,,,,,,,,
4/17/2023,"0.3","0.3","0.4","0.6","0.3","0.4",0,"1.8","0.2"
4/18/2023,"0.3","0.3","0.4","0.5","0.2","0.5",0,"1.8","0.4"
4/19/2023,"0.1","0.3","0.4","0.5","0.2","0.6",0,"1.7","0.2"
4/20/2023,"0.2","0.3","0.5","0.5","0.2","0.7",0,"1.9","0.2"
4/21/2023,"0.1","0.3","0.4","0.6","0.3","0.6",0,"1.9","0.4"
4/22/2023,"0.2","0.2","0.4","0.7","0.2","0.6",0,2,"0.4"
4/23/2023,"0.24935","0.2654","0.4241","0.6427","0.27805","0.4852","0.1321","1.7861","0.4"
4/24/2023,"0.3","0.3","0.5","0.6","0.3","0.4","0.2","1.6","0.4"
4/25/2023,"0.3","0.3","0.4","0.6","0.5","0.4","0.2","1.1","0.2"
4/26/2023,"0.3","0.3","0.4","0.7","0.5","0.3","0.1",1,"0.2"
4/27/2023,"0.4","0.3","0.4","0.7","0.5","0.4","0.1","1.1",0
4/28/2023,"0.3","0.3","0.5","0.7","0.3","0.4","0.1","0.7","0.4"
4/29/2023,"0.2","0.4","0.4","0.7","0.5","0.5","0.2","0.6","0.4"
4/30/2023,"0.2442","0.3415","0.4314","0.7073","0.48555","0.4537","0.16605","0.66085","0.3"
5/1/2023,"0.3","0.3","0.5","0.7","0.4","0.4","0.2","0.7","0.2"
5/2/2023,"0.2","0.3","0.4","0.6","0.5","0.4","0.1","0.8","0.2"
5/3/2023,"0.4","0.3","0.4","0.8","0.4","0.4","0.1","1.3","0.4"
5/4/2023,"0.5","0.3","0.5","0.8","0.6","0.6","0.1","1.4","0.2"
5/5/2023,"0.4","0.3","0.4","0.7","0.5","0.3","0.1","0.6","0.7"
5/6/2023,"0.4","0.2","0.4","0.6","0.5","0.4","0.1","0.4","0.2"
5/7/2023,"0.3389","0.2204","0.38405","0.61895","0.4425","0.35185","0.1077","0.5865","0.1"
5/8/2023,"0.3","0.2","0.4","0.6","0.4","0.3","0.1","0.8",0
5/9/2023,"0.3","0.3","0.4","0.5","0.5","0.4","0.1","0.8","0.4"
5/10/2023,"0.3","0.3","0.4","0.6","0.4","0.4","0.2","0.8","0.2"
5/11/2023,"0.5","0.4","0.4","0.5","0.3","0.4",0,"0.7","0.2"
5/12/2023,"0.3","0.3","0.4","0.6","0.4","0.3","0.1","0.6","0.4"
5/13/2023,"0.3","0.3","0.4","0.6","0.4","0.4","0.2","0.4",0
5/14/2023,"0.3378","0.32155","0.41405","0.61975","0.4553","0.52595","0.1104","0.62765",0
5/15/2023,"0.4","0.3","0.4","0.6","0.5","0.7","0.1","0.9",0
5/16/2023,"0.5","0.3","0.5","0.6","0.8","0.5","0.1","1.1",0
5/17/2023,"0.4","0.3","0.4","0.6","0.5","0.5","0.1",1,"0.2"
5/18/2023,"0.4","0.3","0.4","0.6","0.5","0.5","0.1",1,"0.4"
5/19/2023,"0.3","0.3","0.4","0.6","0.6","0.6","0.1",1,"0.2"
5/20/2023,"0.3","0.3","0.3","0.7","0.5","0.7",0,"0.9",0
5/21/2023,"0.3333","0.3437","0.4025","0.6402","0.53475","0.65","0.0521","0.9524","0.2"
5/22/2023,"0.3","0.4","0.5","0.6","0.5","0.6","0.1",1,"0.4"
5/23/2023,"0.3","0.3","0.5","0.8","0.6","0.4","0.1","1.1",0
5/24/2023,"0.2","0.3","0.4","0.8","0.7","0.6","0.1","1.1",0
5/25/2023,"0.3","0.3","0.5","0.7","0.5","0.4","0.1",1,"0.2"
5/26/2023,"0.3","0.3","0.5","0.7","0.6","0.6","0.1","0.9","0.2"
5/27/2023,"0.3","0.3","0.4","0.7","0.5","0.7","0.1","0.6","0.2"
5/28/2023,"0.3533","0.31765","0.415","0.7552","0.4722","0.6926","0.0829","0.8746","0.3"
5/29/2023,"0.4","0.3","0.4","0.8","0.5","0.7","0.1","1.2","0.4"
5/30/2023,"0.4","0.3","0.4","0.7","0.4","0.7","0.1","1.1","0.4"
5/31/2023,"0.3","0.3","0.4","0.9","0.5","0.4","0.2","1.3",0
6/1/2023,"0.3","0.2","0.5","0.7","0.3","0.5","0.1","1.1","0.9"
6/2/2023,"0.4","0.3","0.4","0.8","0.5","0.4","0.1","1.3","0.4"
6/3/2023,"0.3","0.2","0.4","0.8","0.5","0.5","0.1","1.1","0.6"
6/4/2023,"0.3389","0.2255","0.3992","0.72865","0.54915","0.5426","0.0446","1.0833","0.3"
6/5/2023,"0.4","0.2","0.4","0.7","0.6","0.6",0,1,0
6/6/2023,"0.4","0.2","0.5","0.6","0.6","0.6","0.1","1.1","0.4"
6/7/2023,"0.4","0.2","0.4","0.7","0.4","0.6",0,"1.4","0.4"
6/8/2023,"0.3","0.3","0.5","0.8","0.4","0.6",0,"1.7","0.2"
6/9/2023,"0.4","0.2","0.4","0.7","0.5","0.5",0,"1.4","0.6"
6/10/2023,"0.4","0.2","0.4","0.7","0.4","0.6","0.1","0.7","0.6"
6/11/2023,"0.39665","0.22005","0.41","0.69455","0.415","0.49445","0.14875","0.54125","0.4"
6/12/2023,"0.4","0.2","0.5","0.6","0.4","0.4","0.2","0.3","0.2"
6/13/2023,"0.7","0.2","0.4","0.8","0.3","0.5","0.1","0.5",0
6/14/2023,"0.8","0.2","0.4","0.9","0.8","0.7","0.1","0.5",0
6/15/2023,"0.5","0.2","0.5","0.9","0.6","0.9","0.2","1.1",0
6/16/2023,"0.8","0.3","0.4","0.9","0.8","0.8","0.2","1.1",0
6/17/2023,"0.5","0.2","0.4","0.9","0.7","0.9","0.2","0.5",0
6/18/2023,"0.56","0.2167","0.45585","0.8667","0.76835","0.82225","0.21435","0.92535",0
6/19/2023,"0.6","0.2","0.5","0.8","0.8","0.8","0.2","1.3",0
6/20/2023,"0.6","0.3","0.5","0.9","0.5","1.2","0.2",1,"0.2"
6/21/2023,"0.3","0.2","0.4","0.9","0.6","1.2","0.2","0.9","0.2"
6/22/2023,"0.3","0.2","0.5","0.8","0.8","1.3","0.1","0.7",0
6/23/2023,"0.4","0.3","0.5","0.9","0.4","1.5","0.1","0.6",0
6/24/2023,"0.3","0.2","0.4","0.8","0.6","0.7","0.2","0.5",0
6/25/2023,"0.23","0.2185","0.4858","0.8928","0.9536","0.85185","0.22","0.5349","0.2"
6/26/2023,"0.2","0.2","0.5",1,"1.3",1,"0.3","0.5","0.4"
6/27/2023,"0.2","0.2","0.5","1.1","1.7",1,"0.1","0.8","0.6"
6/28/2023,"0.3","0.2","0.4","1.1","1.1","0.8","0.2","1.1","0.4"
6/29/2023,"0.3","0.2","0.5","1.1","1.7","0.6",0,1,"0.4"
6/30/2023,"0.3","0.2","0.5",1,"0.6","0.8","0.1",1,0
7/1/2023,"0.2","0.2","0.4","0.9","0.6","1.2","0.1",1,"0.3"
7/2/2023,"0.26305","0.2057","0.4842","0.9171","0.549","0.9991","0.1762","0.94045","0.15"
7/3/2023,"0.3","0.2","0.6","0.9","0.5","0.8","0.2","0.9",0
7/4/2023,"0.2","0.2","0.5","0.9","0.5","0.8","0.1","0.7","0.3"
7/5/2023,"0.2","0.2","0.4","0.9","0.6","0.5","0.1","0.7",0
7/6/2023,"0.3","0.2","0.5","0.9","0.4","0.7","0.1","0.6","0.6"
7/7/2023,"0.3","0.2","0.5","0.9","0.5","0.8","0.2","0.5","0.3"
7/8/2023,"0.2","0.2","0.4",1,"0.5","0.7","0.2","0.2","0.2"
7/9/2023,"0.20865","0.1916","0.45835","0.9198","0.4398","0.52265","0.1329","0.5095","0.375"
7/10/2023,"0.2","0.2","0.5","0.9","0.4","0.3","0.1","0.8","0.6"
7/11/2023,"0.1","0.2","0.5","0.8","0.3","0.5","0.1","0.6",0
7/12/2023,"0.2","0.2","0.4","0.8","0.4","0.5","0.1","0.8",0
7/13/2023,"0.2","0.2","0.5","0.8","0.2","0.6",0,"0.6","0.5"
7/14/2023,"0.2","0.2","0.5","0.8","0.5","0.5",0,"0.5",0
7/15/2023,"0.2","0.2","0.4","0.8","0.5","0.7","0.1","0.4","0.5"
7/16/2023,"0.3242","0.1636","0.4125","0.83445","0.5532","0.6176","0.1051666667","0.81235","0.225"
7/17/2023,"0.4","0.2","0.4","0.9","0.6","0.5","0.1412333333","1.2",0
7/18/2023,"0.3","0.2","0.4","0.7","0.4","0.5","0.1069666667","0.8",0
7/19/2023,"0.2","0.2","0.4","0.6","0.4","0.4","0.09146666667",1,"0.3"
7/20/2023,"0.4","0.2","0.4","0.7","0.3","0.4","0.08116666667","0.8",0
7/21/2023,"0.3","0.2","0.4","0.8","0.7","0.4","0.1043666667","0.7","0.3"
7/22/2023,"0.3","0.2","0.4","0.8","0.7","0.5","0.1265666667","0.8","0.2"
7/23/2023,"0.32605","0.1657","0.43225","0.8907","0.70745","0.47315","0.1163333333","0.72845","0.275"
7/24/2023,"0.4","0.2","0.4",1,"0.7","0.4","0.1061","0.7","0.4"
7/25/2023,"0.3","0.2","0.5","0.8","0.5","0.5","0.0955","0.5","0.3"
7/26/2023,"0.3","0.2","0.4","0.8","0.4","0.5","0.09866666667","0.6","0.3"
7/27/2023,"0.3","0.2","0.5","0.9","0.3","0.4","0.0844","0.5","0.2"
7/28/2023,"0.2","0.2","0.4","0.8","0.4","0.6","0.06843333333","0.2","0.3"
7/29/2023,"0.2","0.2","0.4","0.7","0.3","0.5","0.0998","0.4","0.3"
7/30/2023,"0.3","0.2","0.4","0.9","0.4","0.5","0.10155","0.4","0.4"
7/31/2023,"0.26715","0.2047","0.49975","0.82155","0.45155","0.47455","0.1033","0.7426","0.2"
8/1/2023,"0.3","0.2","0.6","0.8","0.5","0.5","0.1","1.1",0
8/2/2023,"0.3","0.2","0.6","0.9","0.5","0.6","0.1","1.1","0.2"
8/3/2023,"0.3","0.2","0.5","0.9","0.5","0.6","0.1","1.3","0.5"
8/4/2023,"0.3","0.2","0.5","0.8","0.4","0.8","0.1","1.4","0.3"
8/5/2023,"0.3","0.2","0.5","0.8","0.5","0.6","0.2","1.3","0.3"
8/6/2023,"0.39815","0.18995","0.48335","0.86655","0.64005","0.77545","0.1299","1.19095","0.45"
8/7/2023,"0.5","0.2","0.5","0.9","0.7","0.9","0.1","1.1","0.6"
8/8/2023,"0.4","0.2","0.4","0.8","0.7","1.1","0.1","0.9","0.3"
8/9/2023,"0.4","0.2","0.5","0.7","0.7","1.3","0.1","0.9","0.3"
8/10/2023,"0.3","0.2","0.5","0.9","0.6","1.2","0.1","0.8","0.3"
8/11/2023,"0.2","0.2","0.5","0.8","0.6","1.1","0.1","0.2",0
8/12/2023,"0.3","0.2","0.4","0.7","0.6","1.1","0.1","0.5","0.3"
8/13/2023,"0.35905","0.19145","0.4637","0.8371","0.53975","0.93055","0.0707","0.74645","0.25"
8/14/2023,"0.5","0.2","0.5",1,"0.5","0.8","0.1",1,"0.2"
8/15/2023,"0.4","0.2","0.5","0.8","0.6","0.6","0.1","1.1",0
8/16/2023,"0.4","0.2","0.5","0.9","0.5",1,"0.1","1.2","0.2"
8/17/2023,"0.4","0.2","0.4","0.8","0.5","1.1","0.1",1,0
8/18/2023,"0.4","0.2","0.5","0.8","0.4",1,"0.1",1,"0.3"
8/19/2023,"0.4","0.2","0.4",1,"0.6",1,"0.1",1,0
8/20/2023,"0.4507","0.21925","0.4503","0.95145","0.58215","0.8736","0.0867","0.9643",0
8/21/2023,"0.5","0.3","0.5","0.9","0.5","0.8",0,1,0
8/22/2023,"0.3","0.2","0.5","0.9","0.6","0.7",0,1,0
8/23/2023,"0.4","0.2","0.5","0.7","0.5","0.6","0.1","0.9","0.3"
8/24/2023,"0.4","0.2","0.5","0.8","0.4","0.8","0.1","0.8","0.2"
8/25/2023,"0.4","0.2","0.5","0.8","0.4","0.7","0.1","0.9","0.3"
8/26/2023,"0.4","0.2","0.4","0.8","0.4","0.8","0.1","0.7","0.5"
8/27/2023,"0.4815","0.1909","0.4722","0.8403","0.46915","0.74445","0.0783","0.86665","0.525"
8/28/2023,"0.6","0.2","0.5","0.9","0.5","0.7","0.1",1,"0.6"
8/29/2023,"0.4","0.1","0.5","0.8","0.3","0.7","0.1","0.7","0.3"
8/30/2023,"0.4","0.2","0.5","0.8","0.4","0.7","0.1","1.1","0.3"
8/31/2023,"0.4","0.1","0.4","0.8","0.3","0.7","0.1","0.6","0.5"
9/1/2023,"0.4","0.1","0.5","0.9","0.4","0.8","0.1","0.7","0.3"
9/2/2023,"0.4","0.2","0.4","0.9","0.3","0.8","0.1","0.7","0.2"
9/3/2023,"0.4247","0.1695","0.44655","0.86725","0.31425","0.81805","0.1029833333","0.7986","0.15815"
9/4/2023,"0.5","0.2","0.5","0.9","0.4","0.9","0.09316666667","0.9","0.2"
9/5/2023,"0.2","0.1","0.4","0.7","0.3","0.7","0.07456666667","0.9","0.1"
9/6/2023,"0.3","0.1","0.4","0.7","0.4","0.3","0.0598","0.8","0.1"
9/7/2023,"0.3","0.1","0.4","0.7","0.3",1,"0.07126666667","0.6","0.1"
9/8/2023,"0.3","0.1","0.4","0.7","0.4","0.5","0.0528","0.7","0.1"
9/9/2023,"0.3","0.1","0.4","0.8","0.4","0.7","0.07146666667","0.6","0.1"
9/10/2023,"0.29465","0.1528","0.4131","0.86175","0.34355","0.7162","0.1249","0.7173","0.1998"
9/11/2023,"0.3","0.2","0.5","0.9","0.3","0.7","0.1783333333","0.9","0.3"
9/12/2023,"0.3","0.1","0.4","0.7","0.3",1,"0.1108333333",1,"0.2"
9/13/2023,"0.3","0.2","0.5","0.7","0.3","0.9","0.1174","0.7","0.1"
9/14/2023,"0.3","0.2","0.4","0.8","0.5","0.8","0.1068666667","0.6","0.1"
9/15/2023,"0.2","0.1","0.4","0.8","0.6","0.9","0.05936666667","0.3","0.1"
9/16/2023,"0.2","0.1","0.4","0.8","0.6","0.9","0.06383333333","0.4","0.1"
9/17/2023,"0.30795","0.1646","0.44115","0.7946","0.49285","0.81345","0.09856666667","0.6855","0.05485"
9/18/2023,"0.4","0.2","0.5","0.8","0.4","0.7","0.1",1,0
9/19/2023,"0.3","0.1","0.5","0.8","0.5","0.6","0.1","0.8","0.3"
9/20/2023,"0.3","0.1","0.5","0.8","0.7","0.6",0,"1.1",0
9/21/2023,"0.2","0.1","0.5","0.8","0.6","0.8",0,"0.7","0.2"
9/22/2023,"0.3","0.2","0.4","0.8","0.3","0.8",0,"1.1","0.3"
9/23/2023,"0.3","0.2","0.5","0.9","0.4","0.7",0,"0.5",0
9/24/2023,"0.29885","0.2366","0.51915","0.83385","0.404","0.5884","0.17335","0.76625","0.1"
9/25/2023,"0.3","0.3","0.6","0.8","0.4","0.5","0.3",1,"0.2"
9/26/2023,"0.3","0.2","0.5","0.7","0.4","0.6","0.2","0.7","0.5"
9/27/2023,"0.3","0.2","0.4","0.8","0.5","0.5","0.2","0.7","0.3"
9/28/2023,"0.3","0.2","0.4","0.7","0.3","0.6","0.2","0.5","0.3"
9/29/2023,"0.3","0.2","0.5","0.7","0.4","0.7","0.1","0.7","0.3"
9/30/2023,"0.3","0.2","0.5","0.6","0.3","0.6",0,"0.7","0.3"
10/1/2023,"0.2367","0.18455","0.43915","0.6851","0.40175","0.7199","0.0533","0.6976","0.45"
10/2/2023,"0.2","0.2","0.4","0.8","0.5","0.8","0.1","0.7","0.6"
10/3/2023,"0.3","0.2","0.4","0.5","0.3","0.8",0,"0.5","0.3"
10/4/2023,"0.4","0.2","0.4","0.7","0.4","0.8","0.1","0.5","0.3"
10/5/2023,"0.3","0.2","0.5","0.6","0.3","0.8","0.1","0.5","0.4"
10/6/2023,"0.2","0.2","0.4","0.7","0.3","0.7",0,"0.5","0.3"
10/7/2023,"0.2","0.2","0.4","0.6","0.2","0.7","0.1","0.2","0.3"
10/8/2023,"0.2664","0.17505","0.3774","0.6883","0.2746","0.6815","0.09735","0.24765","0.35"
10/9/2023,"0.3","0.2","0.4","0.7","0.4","0.7","0.1","0.3","0.4"
10/10/2023,"0.2","0.2","0.4","0.7","0.4","0.7","0.1","0.2","0.8"
10/11/2023,"0.3","0.2","0.4","0.6","0.5","0.6","0.1","0.5","0.3"
10/12/2023,"0.3","0.3","0.4","0.8","0.4","0.7","0.1","0.4","0.3"
10/13/2023,"0.3","0.3","0.4","0.8","0.4","0.7","0.1","0.5","0.8"
10/14/2023,"0.3","0.4","0.4","0.8","0.4","0.9",0,"0.4","0.5"
10/15/2023,"0.19505","0.35705","0.3884","0.78055","0.36105","0.67175","0.0543","0.45795","0.425"
10/16/2023,"0.1","0.4","0.4","0.8","0.3","0.4","0.1","0.5","0.4"
10/17/2023,"0.2","0.3","0.4","0.5","0.5","0.5","0.1","0.3","0.3"
10/18/2023,"0.2","0.3","0.4","0.6","0.2","0.5","0.1","0.6","0.3"
10/19/2023,"0.2","0.3","0.4","0.6","0.5","0.5","0.1","0.4","0.3"
10/20/2023,0,"0.3","0.4","0.7","0.4","0.6",0,"0.7","0.2"
10/21/2023,0,"0.3","0.4","0.7","0.3","0.6","0.1","0.5","0.6"
10/22/2023,"0.0855","0.3265","0.44445","0.75695","0.43425","0.73845","0.0638","0.5367","0.90835"
10/23/2023,"0.1","0.4","0.4","0.8","0.6","0.9","0.1","0.6","1.3"
10/24/2023,"0.1","0.3","0.4","0.6","0.5","0.7","0.1","0.5","0.8"
10/25/2023,"0.1","0.3","0.4","0.6","0.5","0.5",0,"0.3","0.8"
10/26/2023,0,"0.3","0.4","0.6","0.4","0.7","0.1","0.2","0.2"
10/27/2023,"0.1","0.4","0.4","0.7","0.3","0.7",0,"0.4","0.4"
10/28/2023,"0.1","0.4","0.4","0.7","0.3","0.8","0.1","0.3","0.6"
10/29/2023,"0.32835","0.37355","0.41","0.6848","0.31715","0.6861","0.08685","0.552","0.64165"
10/30/2023,"0.5","0.4","0.4","0.7","0.3","0.6","0.1","0.8","0.7"
10/31/2023,"0.2","0.3","0.4","0.8","0.4","0.7","0.1","0.7","0.8"
11/1/2023,"0.2","0.4","0.3","0.8","0.1","0.7",0,"0.6","0.7"
11/2/2023,"0.2","0.3","0.4","0.8","0.3","0.9","0.1","0.6","0.6"
11/3/2023,"0.2","0.3","0.4","0.8","0.4","0.8",0,"0.5","0.6"
11/4/2023,"0.1","0.3","0.4","0.8","0.4","0.7","0.1","0.6","0.5"
11/5/2023,"0.15335","0.30025","0.38","0.84995","0.4482","0.7162","0.0935","0.6252","0.325"
11/6/2023,"0.2","0.3","0.4","0.9","0.5","0.7","0.1","0.6","0.2"
11/7/2023,"0.2","0.3","0.4","0.7","0.5","0.9","0.1","0.6","0.3"
11/8/2023,"0.1","0.4","0.4","0.7","0.3","1.1","0.1","0.4","0.5"
11/9/2023,"0.2","0.3","0.4","0.8","0.2","0.8","0.1","0.5","0.3"
11/10/2023,"0.3","0.3","0.4","0.8","0.3","1.1","0.1","0.3","0.3"
11/11/2023,"0.2","0.3","0.4","0.7","0.4","0.9","0.1","0.3","0.3"
11/12/2023,"0.259","0.3483","0.37075","0.611","0.39015","0.80695","0.1516","0.5397","0.51665"
11/13/2023,"0.4","0.4","0.4","0.5","0.4","0.7","0.2","0.8","0.7"
11/14/2023,"0.1","0.3","0.4","0.6","0.5","0.7","0.2","0.5","0.9"
11/15/2023,"0.1","0.3","0.4","0.6","0.2","0.9","0.2","0.4","0.7"
11/16/2023,"0.1","0.3","0.5","0.5","0.3","0.8","0.2","0.4","0.7"
11/17/2023,"0.1","0.3","0.4","0.5","0.3",1,"0.1","0.5","0.3"
11/18/2023,"0.1","0.2","0.3","0.6","0.4","0.9","0.1","0.4","0.3"
11/19/2023,"0.164","0.297","0.359","0.58","0.375","0.814","0.133","0.534","0.383"
11/20/2023,"0.214","0.363","0.374","0.551","0.368","0.728","0.158","0.713","0.467"
11/21/2023,"0.122","0.325","0.408","0.538","0.335","0.871","0.155","0.417","0.675"
11/22/2023,"0.097","0.342","0.396","0.579","0.255","0.783","0.194","0.391","0.775"
11/23/2023,"0.09","0.319","0.417","0.525","0.336","0.596","0.172","0.355","0.55"
11/24/2023,"0.077","0.287","0.375","0.523","0.392","0.85","0.058","0.403","0.3"
11/25/2023,"0.108","0.265","0.35","0.586","0.366","0.829","0.086","0.321","0.55"
11/26/2023,"0.089","0.32","0.358","0.595","0.35","0.792","0.108","0.476","0.375"
11/27/2023,"0.1","0.4","0.4","0.6","0.33","0.8","0.1","0.6","0.2"
11/28/2023,"0.1","0.4","0.4","0.5","0.21",1,"0.2","0.4","0.5"
11/29/2023,"0.1","0.3","0.4","0.6","0.27","0.7","0.2","0.4","0.9"
11/30/2023,"0.1","0.3","0.4","0.5","0.38","0.4","0.2","0.3","0.5"
12/1/2023,"0.1","0.3","0.4","0.5","0.45","0.7","0.1","0.3","0.3"
12/2/2023,"0.1","0.3","0.4","0.6","0.35","0.8","0.1","0.3","0.8"
12/3/2023,"0.1441","0.295","0.375","0.5548","0.3408","0.71805","0.06705","0.37545","0.76665"
12/4/2023,"0.2","0.3","0.4","0.5","0.3","0.7","0.1","0.5","0.7"
12/5/2023,"0.2","0.3","0.4","0.5","0.2","0.8",0,"0.4","0.6"
12/6/2023,"0.1","0.3","0.4","0.4","0.3","0.8",0,"0.3","0.6"
12/7/2023,"0.1","0.2","0.4","0.5","0.3","0.9",0,"0.4","0.3"
12/8/2023,"0.2","0.3","0.4","0.5","0.4","0.9",0,"0.3","0.3"
12/9/2023,"0.2","0.3","0.4","0.4","0.3","0.8","0.1","0.3","0.6"
12/10/2023,"0.18975","0.28885","0.37835","0.5572","0.337","0.7611","0.12865","0.3222","0.375"
12/11/2023,"0.2","0.3","0.4","0.7","0.3","0.7","0.2","0.4","0.2"
12/12/2023,"0.1","0.3","0.4","0.6","0.2","0.8","0.1","0.1","0.2"
12/13/2023,"0.1","0.3","0.4","0.5","0.3","0.8","0.1","0.3","0.3"
12/14/2023,"0.1","0.3","0.4","0.6","0.4","0.9","0.1","0.2","0.4"
12/15/2023,"0.1","0.3","0.4","0.7","0.5","0.7","0.1","0.3","0.3"
12/16/2023,"0.1","0.3","0.4","0.7","0.4","0.8",0,"0.1","0.7"
12/17/2023,"0.18985","0.2836","0.3963","0.67185","0.3446","0.69305","0.0301","0.45995","0.5375"
12/18/2023,"0.3","0.3","0.4","0.6","0.3","0.6",0,"0.8","0.4"
12/19/2023,"0.2","0.3","0.4","0.6","0.2","0.5","0.1",1,"0.225"
12/20/2023,"0.3","0.3","0.4","0.5","0.2","0.8","0.1","0.8","0.45"
12/21/2023,"0.3","0.3","0.4","0.6","0.3","0.7","0.1","0.7","0.55"
12/22/2023,"0.2","0.3","0.4","0.6","0.2","0.7","0.1","0.7","0.55"
12/23/2023,"0.2","0.4","0.4","0.6","0.2","0.9","0.1","0.8","0.675"
12/24/2023,"0.2007","0.332","0.40105","0.5858","0.2457","0.8375","0.079","0.9375","0.6375"
12/25/2023,"0.2","0.3","0.4","0.6","0.3","0.8",0,"1.1","0.6"
12/26/2023,"0.2","0.3","0.4","0.5","0.3","0.6","0.1","0.8","0.3"
12/27/2023,"0.2","0.4","0.4","0.6","0.1","0.7","0.1","0.6","0.6"
12/28/2023,"0.2","0.3","0.5","0.6","0.4","0.6",0,"0.7","0.8"
12/29/2023,"0.2","0.4","0.4","0.6","0.4","0.7",0,"0.6","0.8"
12/30/2023,"0.2","0.4","0.4","0.6","0.4","0.5",0,"0.5","0.8"
12/31/2023,"0.2292","0.3444","0.4225","0.69025","0.3366","0.58265","0.0518","0.59865","0.76665"
1/1/2024,"0.2","0.3","0.4","0.7","0.3","0.7","0.1","0.7","0.7"
1/2/2024,"0.3","0.3","0.4","0.7","0.4","0.8","0.1","0.5","0.7"
1/3/2024,"0.2","0.4","0.4","0.7","0.3","0.9","0.1","0.8","0.6"
1/4/2024,"0.1","0.4","0.4","0.7","0.3","0.9","0.1","0.5","0.6"
1/5/2024,"0.2","0.4","0.4","0.7","0.4","0.7","0.1","0.6",1
1/6/2024,"0.3","0.4","0.4","0.6","0.4","0.9","0.1","0.4",1
1/7/2024,"0.2413","0.3677","0.39","0.6004","0.43645","0.8213","0.0724","0.6004",1
1/8/2024,"0.2","0.3","0.4","0.6","0.5","0.7","0.1","0.8",1
1/9/2024,"0.2","0.3","0.4","0.7","0.3","0.8",0,"0.7",1
1/10/2024,"0.2","0.3","0.4","0.5","0.3","0.6","0.1","0.7","0.2"
1/11/2024,"0.1","0.3","0.4","0.5","0.2","0.8","0.1","0.4","0.2"
1/12/2024,"0.2","0.4","0.4","0.6","0.3","0.6","0.3","0.5","0.6"
1/13/2024,"0.3","0.4","0.5","0.6","0.2","0.8","0.1","0.6","0.7"
1/14/2024,"0.292","0.37085","0.4375","0.579","0.2467","0.73105","0.05865","0.6353","0.86665"
1/15/2024,"0.3","0.4","0.4","0.6","0.3","0.7",0,"0.7",1
1/16/2024,"0.3","0.4","0.4","0.6","0.2","0.6","0.1","0.7",1
1/17/2024,"0.3","0.4","0.4","0.6","0.2","0.9","0.1","0.6",1
1/18/2024,"0.2","0.3","0.4","0.6","0.2","0.8","0.1","0.5",1
1/19/2024,"0.1","0.3","0.4","0.6","0.2",1,0,"0.5","0.9"
1/20/2024,"0.2","0.3","0.4","0.5","0.2","0.9","0.1","0.6","0.9"
1/21/2024,"0.216","0.30405","0.37665","0.5775","0.2139","0.85415","0.1113","0.8738","0.73335"
1/22/2024,"0.3","0.3","0.4","0.6","0.2","0.8","0.1","1.1","0.6"
1/23/2024,"0.4","0.3","0.4","0.6","0.3","0.4","0.1","0.4","0.6"
1/24/2024,"0.3","0.3","0.4","0.7","0.3","0.6","0.1","0.5","0.9"
1/25/2024,"0.3","0.3","0.4","0.6","0.3","0.6","0.1","0.3","0.7"
1/26/2024,"0.4","0.3","0.4","0.7","0.5","0.6","0.1","0.5","0.7"
1/27/2024,"0.3","0.3","0.5","0.7","0.3","0.6","0.1","0.3",1
1/28/2024,"0.2627","0.313","0.4304","0.688925","0.27275","0.6986","0.116975","0.678375","0.8"
1/29/2024,"0.2347","0.2986","0.3925","0.66435","0.2092","0.75","0.11895","1.04125","0.6"
1/30/2024,"0.29735","0.3097","0.40085","0.68895","0.26855","0.6278","0.07985","0.5494","0.63335"
1/31/2024,"0.292","0.32655","0.4167","0.69745","0.2304","0.6736","0.0422","0.7512","0.8"
2/1/2024,"0.284","0.32005","0.4208","0.6569","0.23205","0.6486","0.0636","0.5488","0.66665"
2/2/2024,"0.28","0.3314","0.4025","0.67965","0.28375","0.66665","0.04735","0.54465","0.7333"
2/3/2024,"0.232","0.3155","0.4075","0.6848","0.2017","0.6736","0.1","0.4613","0.7"
2/4/2024,"0.22135","0.30325","0.3946","0.68845","0.20115","0.68125","0.1","0.70285","0.65"
2/5/2024,"0.2","0.3","0.4","0.7","0.2","0.7","0.1","0.9","0.6"
2/6/2024,"0.2","0.3","0.4","0.7","0.2","0.8","0.1","0.7","0.7"
2/7/2024,"0.3","0.3","0.4","0.7","0.2","0.8",0,1,"0.7"
2/8/2024,"0.3","0.3","0.4","0.7","0.2","0.7",0,"0.8","0.6"
2/9/2024,"0.2","0.3","0.4","0.7","0.1","0.7",0,"0.6","0.7"
2/10/2024,"0.2","0.3","0.3","0.7","0.1","0.7","0.1","0.6","0.4"
2/11/2024,"0.24265","0.3152","0.3942","0.6801","0.13855","0.67035","0.1354","0.8107","0.4"
2/12/2024,"0.3","0.3","0.4","0.7","0.2","0.6","0.2",1,"0.4"
2/13/2024,"0.4","0.3","0.4","0.9","0.2","0.5","0.1","0.7",1
2/14/2024,"0.3","0.3","0.4","0.9","0.3","0.7","0.1","0.8","0.9"
2/15/2024,"0.4","0.3","0.4","0.8","0.3","0.7","0.1",1,"0.7"
2/16/2024,"0.3","0.3","0.3","0.8","0.3","0.6","0.1","0.7","0.7"
2/17/2024,"0.3","0.3","0.4","0.7","0.2","0.5","0.1","1.2","0.4"
2/18/2024,"0.3453","0.27245","0.37915","0.74745","0.24205","0.4375","0.12775","0.96905","0.5"
2/19/2024,"0.3","0.2","0.4","0.8","0.3","0.4","0.2","0.8","0.6"
2/20/2024,"0.4","0.3","0.4","0.6","0.2","0.5",0,"0.5","0.2"
2/21/2024,"0.3","0.2","0.4","0.6","0.2","0.5","0.1","0.6","0.6"
2/22/2024,"0.3","0.2","0.4","0.8","0.2","0.5",0,"0.5","0.9"
2/23/2024,"0.3","0.2","0.4","0.8","0.3","0.5",0,"0.5",1
2/24/2024,"0.2","0.2","0.4","0.6","0.2","0.5","0.1","0.5",1
2/25/2024,"0.26","0.2588","0.37415","0.67265","0.2515","0.4315","0.052","0.44705","0.7"
2/26/2024,"0.3","0.3","0.4","0.8","0.3","0.4",0,"0.4","0.4"
2/27/2024,"0.3","0.2","0.4","0.7","0.3","0.6","0.1","0.5","0.2"
2/28/2024,"0.4","0.3","0.4","0.7","0.3","0.7","0.1","0.5","0.4"
2/29/2024,"0.4","0.2","0.4","0.7","0.4","0.7",0,"0.6","0.4"
3/1/2024,"0.3","0.2","0.4","0.8","0.3","0.9",0,"0.5","0.6"
3/2/2024,"0.3","0.2","0.4","0.6","0.3","0.7","0.1","0.5","0.7"
3/3/2024,"0.3213","0.2787","0.39085","0.65285","0.3798","0.55185","0.09295","0.49565","0.8"
3/4/2024,"0.3","0.3","0.4","0.7","0.5","0.4","0.1","0.5","0.9"
3/5/2024,"0.3","0.3","0.4","0.8","0.4","0.4","0.1","0.5","0.7"
3/6/2024,"0.3","0.3","0.4","0.8","0.3","0.4","0.1","0.7","0.6"
3/7/2024,"0.3","0.3","0.4","0.6","0.5","0.3","0.1","0.5","0.6"
3/8/2024,"0.4","0.3","0.4","0.7","0.4","0.4","0.1","0.4","0.2"
3/9/2024,"0.3","0.3","0.4","0.6","0.5","0.5","0.1","0.4","0.6"
3/10/2024,"0.34935","0.30785","0.38","0.70505","0.39955","0.4773","0.0769","0.5","0.66665"
3/11/2024,"0.4","0.3","0.4","0.8","0.3","0.5","0.1","0.6","0.7"
3/12/2024,"0.4","0.2","0.4","0.7","0.1","0.5","0.1",1,"0.6"
3/13/2024,"0.5","0.3","0.4","0.7","0.4","0.5","0.1","0.9","0.6"
3/14/2024,"0.3","0.2","0.4","0.8","0.3","0.5","0.1","0.6","0.6"
3/15/2024,"0.5","0.3","0.4","0.8","0.4","0.8","0.2","0.4","0.6"
3/16/2024,"0.5","0.2","0.4","0.8","0.4","0.5","0.1","0.5",1
3/17/2024,"0.472475","0.2714","0.415425","0.77675","0.3538","0.5676","0.12445","0.5734","0.933325"
3/18/2024,"0.48625","0.2947","0.40585","0.7395","0.3497","0.5963","0.1223","0.6254","0.86665"
3/19/2024,"0.496","0.25675","0.3842","0.7392","0.19455","0.7","0.1225","0.9381","0.8"
3/20/2024,"0.4653","0.283","0.3975","0.692","0.32745","0.62365","0.10625","0.82445","0.66665"
3/21/2024,"0.42265","0.2656","0.38","0.71315","0.37065","0.72225","0.1278","0.60655","0.73335"
3/22/2024,"0.51465","0.28925","0.425","0.7526","0.4054","0.7861","0.197","0.50355","0.6"
3/23/2024,"0.53335","0.28435","0.44165","0.7322","0.4148","0.67915","0.1444","0.5512","0.86665"
3/24/2024,"0.548925","0.294725","0.424175","0.7186","0.41295","0.693275","0.1595","0.601","0.933325"
3/25/2024,"0.6","0.3","0.4","0.7","0.4","0.7","0.2","0.7",1
3/26/2024,"0.6","0.3","0.4","0.8","0.2","0.9","0.2","0.9",1
3/27/2024,"0.5","0.3","0.4","0.7","0.3","0.8","0.1","0.8","0.7"
3/28/2024,"0.5","0.3","0.4","0.7","0.4","0.9","0.2","0.6","0.9"
3/29/2024,"0.5","0.3","0.4","0.7","0.4","0.8","0.2","0.6","0.6"
3/30/2024,"0.6","0.3","0.5","0.7","0.5","0.8","0.2","0.6","0.7"
3/31/2024,"0.58845","0.29585","0.43415","0.74245","0.41305","0.8282","0.163","0.62385","0.46665"
4/1/2024,"0.6","0.3","0.4","0.8","0.4","0.8","0.2","0.7","0.2"
4/2/2024,"0.6","0.2","0.4","0.8","0.3",1,"0.1","0.8","0.5"
4/3/2024,"0.5","0.3","0.4","0.8","0.3","0.8","0.1","0.7","0.3"
4/4/2024,"0.5","0.3","0.4","0.6","0.2","0.8","0.1","0.5","0.3"
4/5/2024,"0.5","0.2","0.4","0.7","0.3","0.9","0.1","0.7","0.2"
4/6/2024,"0.5","0.2","0.4","0.7","0.2","0.8","0.1","0.5",0
4/7/2024,"0.47835","0.23735","0.4408","0.6983","0.2472","0.9255","0.10155","0.6359","0.2"
4/8/2024,"0.5","0.2","0.5","0.6","0.3","1.1","0.1","0.8","0.4"
4/9/2024,"0.4","0.2","0.5","0.7","0.3","0.9","0.1","0.7","0.3"
4/10/2024,"0.5","0.2","0.5","0.6","0.3","0.9","0.1","0.8","0.9"
4/11/2024,"0.5","0.2","0.5","0.6","0.3","0.8","0.1","0.8","0.5"
4/12/2024,"0.5","0.2","0.5","0.5","0.3",1,"0.2","0.5","0.7"
4/13/2024,"0.5","0.2","0.4","0.6","0.3",1,"0.1","0.6","0.3"
4/14/2024,"0.51055","0.24305","0.4125","0.6673","0.31845","0.80415","0.10995","0.7506","0.45"
4/15/2024,"0.5","0.3","0.4","0.7","0.3","0.6","0.1","0.9","0.6"
4/16/2024,"0.5","0.2","0.4","0.7","0.4","0.5","0.1","0.8","0.3"
4/17/2024,"0.5","0.3","0.4","0.7","0.3","0.6","0.1","0.6","0.3"
4/18/2024,"0.4","0.2","0.4","0.8","0.3","0.8","0.2","0.7","0.2"
4/19/2024,"0.5","0.2","0.4","0.7","0.4","0.7","0.1","0.6","0.3"
4/20/2024,"0.5","0.2","0.4","0.6","0.4","0.9","0.1","0.4","0.2"
4/21/2024,"0.52975","0.21765","0.42665","0.61705","0.34275","0.6977","0.05235","0.7107","0.275"
4/22/2024,"0.6","0.2","0.5","0.7","0.3","0.5",0,1,"0.4"
4/23/2024,"0.6","0.2","0.4","0.6","0.3","0.8",0,"1.1","0.2"
4/24/2024,"0.5","0.2","0.4","0.6","0.4","0.6","0.1","1.4","0.2"
4/25/2024,"0.5","0.2","0.5","0.7","0.2","0.8",0,"1.1",0
4/26/2024,"0.5","0.2","0.5","0.7","0.3",1,0,"0.9","0.5"
4/27/2024,"0.5","0.2","0.5","0.7","0.3","0.9","0.1",1,"0.5"
4/28/2024,"0.61305","0.22415","0.4492","0.77185","0.31585","0.9199","0.0849","1.14625","0.425"
4/29/2024,"0.7","0.2","0.4","0.8","0.4","0.9","0.1","1.3","0.4"
4/30/2024,"0.7","0.2","0.4","0.8","0.4","1.1","0.2","1.2","0.2"
5/1/2024,"0.7","0.3","0.5","0.6","0.2","0.8","0.2",1,"0.2"
5/2/2024,"0.7","0.3","0.5","0.7","0.4","0.8","0.2",1,"0.4"
5/3/2024,"0.7","0.3","0.4","0.7","0.1","0.9","0.2","0.8","0.4"
5/4/2024,"0.7","0.2","0.4","0.6","0.3","1.1","0.1","0.7","0.6"
5/5/2024,"0.6803","0.2288","0.4148","0.6288","0.29305","1.0382","0.16495","0.9363","0.66665"
5/6/2024,"0.6","0.2","0.4","0.7","0.3",1,"0.2","1.2","0.7"
5/7/2024,"0.6","0.2","0.5","0.6","0.4","0.8","0.2",1,"0.2"
5/8/2024,"0.5","0.2","0.4","0.6","0.4","0.8","0.2","1.1","0.7"
5/9/2024,"0.7","0.2","0.4","0.6","0.3","0.5","0.2",1,"0.4"
5/10/2024,"0.6","0.3","0.4","0.6","0.3","0.7","0.1","0.9","0.4"
5/11/2024,"0.6","0.2","0.4","0.7","0.4","0.9","0.2","0.8","0.7"
5/12/2024,"0.60495","0.2098","0.45435","0.6565","0.30105","0.8625","0.18495","0.9259","0.7333"
5/13/2024,"0.6","0.2","0.5","0.6","0.2","0.8","0.2",1,"0.7"
5/14/2024,"0.7","0.2","0.5","0.5","0.2","0.9","0.1","0.9","0.5"
5/15/2024,"0.7","0.2","0.4","0.7","0.3","0.8","0.2","0.9","0.2"
5/16/2024,"0.6","0.2","0.4","0.6","0.3","0.6","0.1","1.1","0.7"
5/17/2024,"0.6","0.2","0.4","0.6","0.3","0.9","0.2","0.9","0.6"
5/18/2024,"0.5","0.3","0.4","0.6","0.3",1,"0.1","0.7","0.5"
5/19/2024,"0.58535","0.244","0.475","0.6428","0.2749","0.88335","0.15095","0.92775","0.46665"
5/20/2024,"0.6","0.2","0.5","0.7","0.3","0.8","0.2","1.2","0.4"
5/21/2024,"0.6","0.2","0.6","0.8","0.5","0.9","0.2","1.2","0.3"
5/22/2024,"0.6","0.2","0.5","0.8","0.3",1,"0.1","1.3","0.6"
5/23/2024,"0.6","0.2","0.5","0.7","0.3","0.9","0.1","1.3","0.5"
5/24/2024,"0.6","0.2","0.4","0.7","0.3",1,"0.2","1.5","0.4"
5/25/2024,"0.6","0.2","0.4","0.7","0.2","0.9","0.1","1.2","0.7"
5/26/2024,"0.630025","0.24025","0.452075","0.70235","0.2991","0.9046","0.1466","1.1875","0.649975"
5/27/2024,"0.67335","0.2384","0.48415","0.7136","0.3503","0.8648","0.1823","1.1452","0.56665"
5/28/2024,"0.696","0.2257","0.52415","0.71745","0.47625","0.87915","0.16395","1.1369","0.36665"
5/29/2024,"0.5893","0.22455","0.50585","0.77295","0.39335","0.99585","0.1858","1.21965","0.73335"
5/30/2024,"0.58935","0.22955","0.47585","0.6621","0.36625","0.90415","0.1573","1.175","0.46665"
5/31/2024,"0.55865","0.22015","0.4442","0.6734","0.37455","1.0333","0.15735","1.21905","0.4"
6/1/2024,"0.6027","0.2306","0.43085","0.7245","0.3075","0.8944","0.18655",1,"0.66665"
6/2/2024,"0.6587","0.23565","0.440425","0.71075","0.36875","0.90645","0.185575","1.05315","0.699975"
6/3/2024,"0.7","0.2","0.5","0.7","0.4","0.9","0.2","1.1","0.7"
6/4/2024,"0.8","0.2","0.5","0.6","0.5","0.9","0.1","1.1","0.4"
6/5/2024,"0.6","0.2","0.5","0.8","0.4",1,"0.2","1.2","0.9"
6/6/2024,"0.5","0.2","0.5","0.6","0.5","0.9","0.2",1,"0.4"
6/7/2024,"0.5","0.2","0.4","0.6","0.4",1,"0.1",1,"0.4"
6/8/2024,"0.6","0.2","0.4","0.8","0.4","0.8","0.3","0.8","0.6"
6/9/2024,"0.6957","0.22435","0.46435","0.68205","0.3402","0.9111","0.2009","0.9573","0.66665"
6/10/2024,"0.8","0.2","0.5","0.6","0.3",1,"0.1","1.1","0.7"
6/11/2024,"0.7","0.2","0.4","0.7","0.4",1,"0.2",1,"0.4"
6/12/2024,"0.6","0.3","0.4","0.7","0.3","0.9","0.1",1,"0.5"
6/13/2024,"0.5","0.3","0.4","0.6","0.3","0.9","0.3",1,"0.6"
6/14/2024,"0.6","0.2","0.4","0.6","0.3",1,"0.3",1,"0.7"
6/15/2024,"0.3","0.2","0.4","0.5","0.3",1,"0.2","0.5","0.4"
6/16/2024,"0.5091","0.21795","0.4227","0.650525","0.362575","0.89955","0.2011","0.8898","0.56665"
6/17/2024,"0.6697","0.2105","0.475","0.76155","0.39055","0.7574","0.2075","1.2435","0.7333"
6/18/2024,"0.60905","0.26455","0.42595","0.7335","0.3779","0.8722","0.17675","1.01185","0.4"
6/19/2024,"0.4894","0.27335","0.4352","0.71965","0.32","0.825","0.13","0.96385","0.6"
6/20/2024,"0.47425","0.26475","0.44355","0.6899","0.3548","0.8646","0.26015","0.9646","0.6"
6/21/2024,"0.6364","0.26645","0.4454","0.6782","0.39875","0.87015","0.2053","1.00695","0.7"
6/22/2024,"0.43635","0.22505","0.4065","0.67525","0.3573","0.88615","0.16595","0.78125","0.4"
6/23/2024,"0.501525","0.208225","0.43475","0.796075","0.41255","0.711575","0.220675","1.061925","0.56665"
6/24/2024,"0.6","0.2","0.5","0.9","0.5","0.5","0.3","1.3","0.7"
6/25/2024,"0.6","0.3","0.4","0.8","0.4","0.8","0.1",1,"0.4"
6/26/2024,"0.4","0.3","0.4","0.8","0.3","0.7","0.1","0.9","0.7"
6/27/2024,"0.5","0.3","0.5","0.8","0.4","0.8","0.2","0.9","0.6"
6/28/2024,"0.6","0.3","0.5","0.8","0.5","0.8","0.2",1,"0.7"
6/29/2024,"0.5","0.2","0.4","0.8","0.4","0.7","0.1",1,"0.4"
6/30/2024,"0.5318","0.21635","0.4787","0.81785","0.3939","0.7301","0.16775","0.9604","0.56665"
7/1/2024,"0.5","0.2","0.5","0.8","0.4","0.7","0.2","0.9","0.7"
7/2/2024,"0.6","0.2","0.5","0.7","0.6","0.9","0.1","0.8","0.4"
7/3/2024,"0.5","0.3","0.6","0.8","0.4","1.1","0.2",1,"0.9"
7/4/2024,"0.6","0.2","0.5","0.8","0.4",1,"0.2","0.8","0.6"
7/5/2024,"0.7","0.3","0.5","0.8","0.5",1,"0.2","0.8","0.5"
7/6/2024,"0.7","0.2","0.4","0.6","0.3","0.8","0.3","0.9","0.7"
7/7/2024,"0.57815","0.23645","0.42835","0.5122","0.2751","0.9222","0.25165","1.0144","0.66665"
7/8/2024,"0.5","0.2","0.5","0.4","0.3",1,"0.2","1.2","0.6"
7/9/2024,"0.4","0.3","0.4","0.5","0.4","1.2","0.2","1.3","0.5"
7/10/2024,"0.4","0.2","0.5","0.7","0.4","1.3","0.2",1,"0.7"
7/11/2024,"0.4","0.3","0.5","0.6","0.5","1.2","0.2",1,"0.9"
7/12/2024,"0.5","0.2","0.4","0.6","0.4","1.1","0.2","0.8","0.4"
7/13/2024,"0.4","0.3","0.4","0.7","0.4","1.2","0.2",1,"0.6"
7/14/2024,"0.46665","0.25715","0.4427","0.79135","0.41155","1.16065","0.198175","1.27545","0.66665"
7/15/2024,"0.6","0.2","0.5","0.9","0.5","1.1","0.184","1.6","0.7"
7/16/2024,"0.5","0.3","0.4","0.9","0.5","1.1","0.1535","1.1","0.5"
7/17/2024,"0.7","0.3","0.5","1.1","0.5","1.1","0.1862","1.2","0.2"
7/18/2024,"0.6","0.3","0.5","0.9","0.4","1.3","0.2132","1.2","0.9"
7/19/2024,"0.6","0.3","0.5",1,"0.5","1.2","0.2112","1.3","0.7"
7/20/2024,"0.8","0.3","0.5","0.8","0.4","1.3","0.2286","1.1","0.9"
7/21/2024,"0.701775","0.2512","0.47975","0.839175","0.39215","1.177325","0.1908583333","1.1722","0.716675"
7/22/2024,"0.57185","0.2428","0.4553","0.85595","0.3972","1.10185","0.1531333333","1.2583","0.56665"
7/23/2024,"0.54735","0.27255","0.4197","0.85575","0.47315","1.0903","0.1801111111","1.02085","0.5333"
7/24/2024,"0.6274","0.2871","0.44055","0.97135","0.45125","1.0208","0.1496777778","1.0618","0.4"
7/25/2024,"0.5387","0.2662","0.46795","0.865","0.4269","1.2","0.2124","1.2119","0.8"
7/26/2024,"0.5236","0.2565","0.4429","0.8903","0.4119","1.1833","0.2004944444","1.1014","0.56665"
7/27/2024,"0.7252","0.25475","0.4471","0.74555","0.37875","1.11945","0.1837944444","1.0341","0.8"
7/28/2024,"0.6535","0.253575","0.4476","0.764975","0.351875","1.091225","0.1608472222","0.9874","0.6"
7/29/2024,"0.6","0.3","0.4","0.8","0.3","1.1","0.1","0.9","0.4"
7/30/2024,"0.5","0.3","0.4","0.8","0.5","1.1","0.2",1,"0.5"
7/31/2024,"0.6","0.3","0.4","0.8","0.4","0.9","0.2","0.9","0.6"
8/1/2024,"0.5","0.3","0.4","0.9","0.4","1.1","0.2","1.2","0.7"
8/2/2024,"0.5","0.2","0.4","0.8","0.4","1.2","0.2","0.9","0.4"
8/3/2024,"0.6","0.2","0.4","0.7","0.4",1,"0.2",1,"0.7"
8/4/2024,"0.564","0.2422","0.40835","0.59745","0.3563","1.2375","0.1617","1.04265","0.6333"
8/5/2024,"0.5","0.2","0.4","0.5","0.3","1.5","0.1","1.1","0.5"
8/6/2024,"0.4","0.3","0.4","0.6","0.6","1.2","0.2","0.8","0.4"
8/7/2024,"0.5","0.3","0.4","0.6","0.3","1.2","0.1","0.7","0.9"
8/8/2024,"0.5","0.3","0.4","0.6","0.4","1.5","0.2","0.8","0.6"
8/9/2024,"0.5","0.3","0.4","0.6","0.4","1.4","0.2","0.8","0.2"
8/10/2024,"0.5","0.3","0.4","0.7","0.5","1.3","0.1","0.8","0.6"
8/11/2024,"0.55865","0.3192","0.4125","0.6187","0.55115","1.0157","0.1522","0.9788","0.66665"
8/12/2024,"0.6","0.3","0.4","0.6","0.6","0.7","0.2","1.2","0.7"
8/13/2024,"0.5","0.2","0.4","0.6","0.4","0.7","0.2","1.1","0.2"
8/14/2024,"0.5","0.2","0.4","0.6","0.2","0.8","0.2","0.9","0.4"
8/15/2024,"0.5","0.2","0.4","0.7","0.3","0.8","0.1",1,"0.4"
8/16/2024,"0.5","0.3","0.4","0.6","0.3","0.7","0.2","0.9","0.5"
8/17/2024,"0.6","0.3","0.5","0.7","0.3","0.8","0.2","0.9","0.7"
8/18/2024,"0.58765","0.23685","0.4748","0.69405","0.3014","0.78055","0.19465","0.9013","0.66665"
8/19/2024,"0.6","0.2","0.5","0.7","0.3","0.7","0.2","0.9","0.6"
8/20/2024,"0.6","0.3","0.4","0.8","0.3","0.8","0.1","1.1","0.9"
8/21/2024,"0.6","0.2","0.5","0.7","0.3",1,"0.1","0.9","0.4"
8/22/2024,"0.6","0.3","0.5","0.7","0.3","0.8","0.3","1.1","0.6"
8/23/2024,"0.7","0.2","0.5","0.8","0.4",1,"0.3","0.7","0.5"
8/24/2024,"0.6","0.2","0.5","0.8","0.4","0.9","0.2","0.9","0.6"
8/25/2024,"0.78515","0.25445","0.49425","0.80255","0.3103","0.769","0.2405","0.9692","0.66665"
8/26/2024,"0.9","0.3","0.5","0.8","0.2","0.7","0.2",1,"0.7"
8/27/2024,"0.9","0.3","0.4","0.8","0.4","0.9","0.2","0.8","0.4"
8/28/2024,"1.1","0.4","0.4","0.8","0.4","0.7","0.2",1,"0.5"
8/29/2024,"0.8","0.9","0.5","0.8","0.4","0.8","0.2","0.9","0.6"
8/30/2024,"0.8",1,"0.4","0.7","0.4","0.8","0.1","1.4",1
8/31/2024,1,1,"0.5","0.8","0.4","0.9","0.2","1.2","0.9"
9/1/2024,"0.8477","0.88425","0.48725","0.706","0.38265","0.91575","0.17945","0.95585","0.63335"
9/2/2024,"0.7","0.8","0.4","0.7","0.3","0.9","0.2","0.7","0.4"
9/3/2024,"0.7","0.9","0.4","0.7","0.3","1.1","0.1","0.7","0.4"
9/4/2024,"0.6","0.8","0.5","0.8","0.5","0.9","0.2","0.7","0.5"
9/5/2024,"0.6","0.6","0.4","0.7","0.4","1.1","0.2","0.6","0.2"
9/6/2024,"0.6","0.6","0.4","0.6","0.3","0.9","0.2","0.7","0.4"
9/7/2024,"0.6","0.6","0.5","0.7","0.4","0.9","0.2","0.6","0.6"
9/8/2024,"0.5477","0.6543","0.47775","0.71715","0.33545","0.95975","0.2351","0.86725","0.66665"
9/9/2024,"0.5","0.7","0.5","0.8","0.3",1,"0.2","1.1","0.7"
9/10/2024,"0.6","0.7","0.4","0.8","0.2","0.8","0.1","1.1","0.9"
9/11/2024,"0.6","0.7","0.4","0.9","0.3","0.7","0.3","1.2","0.9"
9/12/2024,"0.6","0.6","0.4","0.8","0.3","0.9","0.1","1.2","0.7"
9/13/2024,"0.6","0.7","0.4","0.8","0.2","0.8","0.2",1,"0.7"
9/14/2024,"0.6","0.6","0.4","0.9","0.3",1,"0.2",1,"0.7"
9/15/2024,"0.60515","0.63635","0.4435","0.8622","0.41375","0.816","0.14585","0.9579","0.649975"
9/16/2024,"0.6","0.7","0.5","0.9","0.5","0.7","0.1","0.9","0.56665"
9/17/2024,"0.6","0.7","0.4","0.8","0.5","0.7","0.1",1,"0.63335"
9/18/2024,"0.6","0.7","0.4","0.8","0.4","0.8","0.2",1,"0.7"
9/19/2024,"0.8","0.7","0.4","0.8","0.5","0.6","0.3",1,"0.46665"
9/20/2024,"0.7","0.6","0.5","0.8","0.4","0.7","0.2","0.9","0.56665"
9/21/2024,"0.7","0.6","0.5","0.9","0.5","0.7","0.2","0.8","0.66665"
9/22/2024,"0.64785","0.6075","0.47315","0.83075","0.42965","0.62315","0.18055","0.96435","0.508325"
9/23/2024,"0.6","0.6","0.5","0.8","0.3","0.6","0.1","1.1","0.35"
9/24/2024,"0.6","0.5","0.5","0.7","0.5","0.6","0.2",1,"0.53335"
9/25/2024,"0.6","0.6","0.5","0.7","0.3","0.6","0.1","0.9","0.7"
9/26/2024,"0.7","0.6","0.5","0.8","0.5","0.6","0.2",1,"0.53335"
9/27/2024,"0.9","0.6","0.5","0.8","0.4","0.6","0.2","0.9","0.6"
9/28/2024,"1.2","0.6","0.4","0.9","0.3","0.6","0.2",1,"0.5"
9/29/2024,"1.3","0.5","0.5","0.9","0.4","0.5","0.2","1.1","0.4"
9/30/2024,"1.3","0.5","0.5","0.9","0.4","0.5","0.2","1.1","0.3"
10/1/2024,"1.3","0.6","0.5","0.8","0.4","0.9","0.2",1,"0.9"
10/2/2024,"1.3","0.6","0.6","0.8","0.4","0.6","0.2",1,1
10/3/2024,"1.1","0.5","0.7","0.8","0.4","0.7","0.1",1,"0.9"
10/4/2024,1,"0.5","0.5","0.8","0.5","0.7","0.2","1.4","0.6"
10/5/2024,"0.7","0.6","0.5","0.8","0.5","0.9","0.2",1,"0.6"
10/6/2024,"0.736","0.50045","0.5133","0.8265","0.4812","0.81945","0.1885","1.10655","0.5"
10/7/2024,"0.7","0.4","0.5","0.8","0.4","0.7","0.2","1.2","0.4"
10/8/2024,"0.6","0.4","0.5","0.8","0.4","0.7","0.2","0.8","0.2"
10/9/2024,"0.6","0.5","0.5","0.7","0.3","0.6","0.1","0.8","0.4"
10/10/2024,"0.6","0.4","0.5","0.8","0.4","0.8","0.2","0.5","0.2"
10/11/2024,"0.6","0.5","0.4","0.9","0.4","0.8","0.1","0.7","0.6"
10/12/2024,"0.4","0.5","0.4","0.7","0.4","0.8","0.1","0.4","0.4"
10/13/2024,"0.43165","0.4259","0.4135","0.65895","0.41081","0.7972","0.11795","0.74605","0.3"
10/14/2024,"0.5","0.4","0.4","0.6","0.42407","0.8","0.1","1.1","0.2"
10/15/2024,"0.5","0.4","0.4","0.6","0.42027",1,"0.2","0.9","0.7"
10/16/2024,"0.4","0.4","0.4","0.6","0.3653","0.8","0.2",1,"0.6"
10/17/2024,"0.4","0.4","0.4","0.6","0.39865","0.7","0.1","0.6","0.2"
10/18/2024,"0.4","0.4","0.4","0.7","0.4162","0.9","0.1","0.5","0.4"
10/19/2024,"0.3","0.4","0.3","0.8","0.40835","0.9","0.2","0.4",0
10/20/2024,"0.43125","0.3861","0.32635","0.8172","0.44056","0.75485","0.1526","0.815","0.2"
10/21/2024,"0.5","0.3","0.3","0.8","0.47277","0.6","0.13815","1.3","0.4"
10/22/2024,"0.5","0.3","0.4","0.7","0.41193","0.6","0.1668",1,"0.2"
10/23/2024,"0.5","0.5","0.3","0.9","0.37183","0.5","0.1592","0.9","0.6"
10/24/2024,"0.4","0.4","0.4","0.8","0.37632","0.6","0.1559","0.7","0.2"
10/25/2024,"0.4","0.3","0.4","0.8","0.3669","0.8","0.1292","0.6","0.6"
10/26/2024,"0.4","0.3","0.4","0.8","0.33835","0.7","0.170425","0.5","0.7"
10/27/2024,"0.4601","0.3508","0.3795","0.7728","0.40308","0.65185","0.1660625","0.6155","0.56665"
10/28/2024,"0.5","0.4","0.4","0.8","0.5","0.6","0.2","0.7","0.4"
10/29/2024,"0.5","0.5","0.4","0.8","0.5","0.7","0.2","0.8","0.4"
10/30/2024,"0.5","0.5","0.5","0.7","0.4","0.5","0.2","0.7","0.7"
10/31/2024,"0.4","0.5","0.4","0.7","0.4","0.6","0.2","0.6","0.4"
11/1/2024,"0.4","0.4","0.4","0.6","0.3","0.7","0.2","0.8","0.4"
11/2/2024,"0.5","0.4","0.4","0.7","0.3","0.8","0.2","0.7","0.6"
11/3/2024,"0.3373","0.39795","0.41415","0.6612","0.4078","0.55875","0.15045","0.6014","0.3"
11/4/2024,"0.2","0.4","0.4","0.6","0.5","0.3","0.1","0.5",0
11/5/2024,"0.4","0.4","0.4","0.6","0.4","0.5","0.2","0.9","0.4"
11/6/2024,"0.3","0.4","0.4","0.7","0.4","0.5","0.1","0.6","0.2"
11/7/2024,"0.4","0.4","0.4","0.7","0.3","0.7","0.2","0.9","0.2"
11/8/2024,"0.5","0.4","0.4","0.8","0.4","0.5","0.1","0.9","0.2"
11/9/2024,"0.4","0.4","0.4","0.7","0.3","0.6","0.1","0.8","0.4"
11/10/2024,"0.42715","0.32605","0.4466","0.63515","0.35175","0.44025","0.1661","0.8677","0.4"
11/11/2024,"0.4","0.3","0.5","0.5","0.3922","0.3","0.2","0.9","0.4"
11/12/2024,"0.4","0.4","0.4","0.6","0.3873","0.6","0.1","0.8","0.4"
11/13/2024,"0.3","0.3","0.5","0.6","0.29105","0.5","0.1","0.9","0.6"
11/14/2024,"0.3","0.3","0.5","0.5","0.2963","0.6","0.1","0.4",0
11/15/2024,"0.3","0.3","0.5","0.6","0.2946","0.6","0.2","0.6","0.2"
11/16/2024,"0.4","0.3","0.4","0.6","0.3021","0.7","0.1","0.7","0.6"
11/17/2024,"0.37565","0.32695","0.3932","0.62805","0.28855","0.566","0.1379","0.8731","0.5"
11/18/2024,"0.4","0.3","0.4","0.6","0.3","0.5","0.2","1.1","0.4"
11/19/2024,"0.4","0.3","0.4","0.6","0.4","0.5","0.1","0.9","0.6"
11/20/2024,"0.5","0.3","0.4","0.5","0.2","0.6","0.2","0.8","0.4"
11/21/2024,"0.3","0.3","0.4","0.5","0.3","0.6","0.2",1,"0.4"
11/22/2024,"0.3","0.3","0.4","0.6","0.2","0.6","0.1","0.7","0.7"
11/23/2024,"0.3","0.4","0.3","0.6","0.3","0.6","0.2","0.3",0
11/24/2024,"0.336","0.33725","0.3653","0.59335","0.3581","0.8551","0.12375","0.6334","0.2"
11/25/2024,"0.4","0.3","0.4","0.6","0.4","1.1","0.1","0.9","0.4"
11/26/2024,"0.4","0.4","0.4","0.6","0.3",1,"0.2","0.8","0.4"
11/27/2024,"0.3","0.3","0.4","0.6","0.4","1.1","0.1","0.5","0.4"
11/28/2024,"0.3","0.4","0.4","0.6","0.3",1,"0.1","0.6",0
11/29/2024,"0.2","0.3","0.4","0.5","0.3","0.8","0.1","0.7","0.2"
11/30/2024,"0.2","0.3","0.4","0.6","0.3","0.9","0.1","0.6","0.6"
12/1/2024,"0.23515","0.355","0.3947","0.6471","0.2957","0.8097","0.12905","0.6159","0.6"
12/2/2024,"0.3","0.4","0.4","0.7","0.3","0.7","0.1","0.6","0.6"
12/3/2024,"0.4","0.5","0.4","0.5","0.3","0.8","0.1","0.6","0.2"
12/4/2024,"0.2","0.4","0.4","0.6","0.3","0.7","0.1","0.6",0
12/5/2024,"0.2","0.5","0.4","0.6","0.3","0.7","0.1","0.4","0.2"
12/6/2024,"0.2","0.5","0.3","0.6","0.3","0.7","0.2","0.5","0.4"
12/7/2024,"0.2","0.4","0.3","0.6","0.5","0.9","0.1","0.5",0
12/8/2024,"0.2728","0.40415","0.3505","0.6198","0.38085","0.69585","0.113","0.61845","0.25"
12/9/2024,"0.3","0.4","0.4","0.7","0.3","0.5","0.1","0.7","0.5"
12/10/2024,"0.2","0.4","0.5","0.6","0.4","0.6","0.1","0.5","0.3"
12/11/2024,"0.2","0.5","0.4","0.6","0.3","0.6","0.1","0.6","0.2"
12/12/2024,"0.2","0.5","0.4","0.6","0.4","0.5","0.1","0.5","0.1"
12/13/2024,"0.2","0.5","0.4","0.6","0.4","0.6","0.1","0.6","0.3"
12/14/2024,"0.2","0.5","0.3","0.7","0.3","0.5","0.1","0.4","0.3"
12/15/2024,"0.1979","0.4764","0.36875","0.62705","0.2824","0.47775","0.13435","0.5836","0.4"
12/16/2024,"0.2","0.5","0.4","0.5","0.3","0.4","0.1","0.7","0.5"
12/17/2024,"0.3","0.5","0.4","0.6","0.2","0.4","0.1","0.8","0.456"
12/18/2024,"0.2","0.6","0.3","0.6","0.3","0.4","0.1","0.9","0.356"
12/19/2024,"0.3","0.6","0.4","0.6","0.3","0.5","0.1","0.8","0.3"
12/20/2024,"0.3","0.5","0.4","0.6","0.3","0.4","0.1","0.8","0.522"
12/21/2024,"0.2","0.6","0.4","0.6","0.3","0.4","0.1","0.9","0.167"
12/22/2024,"0.255","0.54555","0.3823","0.68335","0.25155","0.35415","0.0921","1.04315","0.283"
12/23/2024,"0.3","0.5","0.4","0.7","0.2","0.3","0.1","1.2","0.4"
12/24/2024,"0.2","0.4","0.5","0.7","0.4","0.2","0.2","0.9","0.9"
12/25/2024,"0.2","0.5","0.4","0.7","0.6","0.2","0.1","0.9","0.9"
12/26/2024,"0.2","0.4","0.4","0.8","0.4","0.2","0.2","0.9","0.6"
12/27/2024,"0.3","0.4","0.4","0.8","0.4","0.3","0.1","0.8","0.9"
12/28/2024,"0.3","0.5","0.4","0.7","0.3","0.2","0.1","0.9","0.2"
12/29/2024,"0.3","0.5","0.4","0.8","0.3","0.4","0.3","0.5","0.5"
12/30/2024,"0.3","0.5","0.4","0.8","0.3","0.5","0.4","0.1","0.8"
12/31/2024,"0.2","0.4","0.4","0.7","0.4","0.6","0.2","0.1","0.4"
1/1/2025,"0.29265","0.4001","0.3927","0.7073","0.3391","0.6285","0.3","0.09525","0.575"
1/2/2025,"0.4","0.4","0.4","0.7","0.3","0.7","0.4","0.1","0.7"
1/3/2025,"0.3","0.4","0.4","0.6","0.4","0.8","0.4","0.1","0.5"
1/4/2025,"0.2","0.4","0.4","0.6","0.4","0.9","0.2","0.2","0.4"
1/5/2025,"0.18935","0.438","0.3858","0.64165","0.26235","0.8852","0.26665","0.158","0.471"
1/6/2025,"0.2","0.4","0.4","0.6","0.2","0.9","0.3","0.2","0.5"
1/7/2025,"0.2","0.4","0.4","0.6","0.3",1,"0.6","0.1","0.5"
1/8/2025,"0.3","0.4","0.4","0.7","0.3","0.9","0.4","0.1","0.5"
1/9/2025,"0.3","0.4","0.5","0.8","0.2","0.9","0.2","0.1","0.3"
1/10/2025,"0.2","0.4","0.4","0.7","0.2","0.7","0.4","0.2","0.3"
1/11/2025,"0.3","0.4","0.4","0.7","0.2","0.9",0,"0.1","0.3"
1/12/2025,"0.304","0.44105","0.43665","0.6743","0.2267","0.73705","0.3","0.1365","0.428"
1/13/2025,"0.3","0.4","0.4","0.7","0.2","0.6","0.6","0.2","0.6"
1/14/2025,"0.3","0.5","0.4","0.5","0.3","0.7","0.4","0.1","0.5"
1/15/2025,"0.2","0.4","0.4","0.7","0.3","0.8",0,"0.1","0.3"
1/16/2025,"0.3","0.5","0.4","0.7","0.3","0.6","0.2","0.1","0.4"
1/17/2025,"0.2","0.5","0.3","0.7","0.5","0.6",0,"0.1","0.4"
1/18/2025,"0.2","0.5","0.4","0.8","0.4","0.8","0.4","0.1","0.3"
1/19/2025,"0.27735","0.4569","0.38085","0.7258","0.3881","0.6287","0.3","0.11665","0.396"
1/20/2025,"0.4","0.4","0.4","0.7","0.3","0.5","0.2","0.1","0.5"
1/21/2025,"0.3","0.4","0.4","0.7","0.4","0.8","0.4","0.1","0.7"
1/22/2025,"0.3","0.4","0.4","0.7","0.4","0.8","0.4","0.1","0.5"
1/23/2025,"0.3","0.4","0.4","0.7","0.4",1,0,"0.1","0.5"
1/24/2025,"0.3","0.4","0.4","0.6","0.3","0.8",0,"0.1","0.3"
1/25/2025,"0.3","0.4","0.4","0.6","0.3","0.8","0.6","0.1","0.4"
1/26/2025,"0.28665","0.388","0.3633","0.6543","0.2531","0.7315","0.5","0.1185","0.599"
1/27/2025,"0.3","0.4","0.4","0.7","0.2","0.7","0.4","0.1","0.8"
1/28/2025,"0.3","0.4","0.4","0.6","0.1","0.5","0.2","0.1","0.5"
1/29/2025,"0.2","0.4","0.4","0.6","0.3","0.6","0.2","0.1","0.4"
1/30/2025,"0.3","0.4","0.4","0.7","0.4","0.7",0,"0.1","0.4"
1/31/2025,"0.2","0.3","0.4","0.7","0.3","0.6","0.2","0.1","0.4"
2/1/2025,"0.1","0.3","0.4","0.6","0.3","0.7","0.2","0.1","0.4"
2/2/2025,"0.21865","0.37705","0.3675","0.67185","0.35035","0.64075","0.2","0.134","0.631"
2/3/2025,"0.3","0.4","0.4","0.7","0.4","0.6","0.2","0.2","0.9"
2/4/2025,"0.3","0.4","0.4","0.7","0.3","0.7","0.2","0.1","0.6"
2/5/2025,"0.1","0.4","0.4","0.7","0.3","0.5",0,"0.1","0.6"
2/6/2025,"0.2","0.4","0.3","0.7","0.4","0.5","0.2","0.1","0.4"
2/7/2025,"0.2","0.4","0.4","0.7","0.3","0.6",0,"0.1","0.6"
2/8/2025,"0.2","0.4","0.3","0.7","0.3","0.7","0.2","0.1","0.5"
2/9/2025,"0.24","0.4086","0.3492","0.68745","0.2739","0.5514","0.2","0.09835","0.514"
2/10/2025,"0.3","0.4","0.4","0.7","0.3","0.4","0.2","0.1","0.5"
2/11/2025,"0.3","0.4","0.4","0.8","0.3","0.5",0,"0.1","0.5"
2/12/2025,"0.3","0.5","0.4","0.7","0.3","0.5","0.2","0.1","0.4"
2/13/2025,"0.4","0.4","0.5","0.8","0.4","0.5",0,"0.1","0.3"
2/14/2025,"0.4","0.5","0.5","0.7","0.5","0.5",1,"0.1","0.5"
2/15/2025,"0.1","0.5","0.4","0.7","0.4","0.6","0.7","0.2","0.3"
2/16/2025,"0.15735","0.458","0.4092","0.67015","0.41255","0.6069","0.36665","0.09415","0.316"
2/17/2025,"0.2","0.4","0.4","0.7","0.4","0.6",0,0,"0.3"
2/18/2025,"0.3","0.4","0.4","0.7","0.4","0.6","0.2","0.1","0.4"
2/19/2025,"0.3","0.4","0.4","0.7","0.5","0.7","0.4","0.1","0.3"
2/20/2025,"0.2","0.5","0.4","0.8","0.4","0.6",0,"0.1","0.1"
2/21/2025,"0.2","0.4","0.4","0.7","0.3","0.6","0.4","0.1","0.2"
2/22/2025,"0.2","0.4","0.4","0.7","0.3","0.6",0,"0.1","0.2"
2/23/2025,"0.25865","0.3982","0.3633","0.66685","0.22305","0.6213","0.1","0.0612","0.399"
2/24/2025,"0.3","0.3","0.4","0.6","0.2","0.6","0.2","0.1","0.6"
2/25/2025,"0.3","0.4","0.4","0.6","0.4","0.6","0.2",0,"0.3"
2/26/2025,"0.3","0.3","0.4","0.7","0.3","0.6","0.4","0.1","0.3"
2/27/2025,"0.3","0.4","0.5","0.7","0.3","0.7","0.2",0,"0.4"
2/28/2025,"0.4","0.4","0.4","0.7","0.3","0.7","0.4","0.1","0.3"
3/1/2025,"0.3","0.4","0.4","0.7","0.3","0.8","0.4","0.1","0.4"
3/2/2025,"0.30265","0.36345","0.3808","0.7171","0.3443","0.70555","0.3","0.049","0.468"
3/3/2025,"0.3","0.3","0.4","0.7","0.4","0.6","0.2",0,"0.6"
3/4/2025,"0.3","0.4","0.4","0.6","0.3","0.7","0.2",0,"0.3"
3/5/2025,"0.3","0.3","0.4","0.7","0.4","0.8","0.4","0.1","0.4"
3/6/2025,"0.4","0.4","0.4","0.7","0.4","0.8","0.4","0.1","0.4"
3/7/2025,"0.3","0.4","0.5","0.8","0.4","0.7","0.4","0.1","0.4"
3/8/2025,"0.4","0.4","0.5","0.8","0.4","0.7","0.2","0.2","0.4"
3/9/2025,"0.39655","0.3677","0.47925","0.7351","0.41105","0.64445","0.2","0.13155","0.513"
3/10/2025,"0.4","0.3","0.4","0.7","0.4","0.6","0.2","0.1","0.6"
3/11/2025,"0.4","0.4","0.4","0.7","0.3","0.6","0.2","0.1","0.5"
3/12/2025,"0.5","0.4","0.4","0.7","0.4","0.6",0,"0.1","0.6"
3/13/2025,"0.4","0.4","0.4","0.7","0.5","0.7","0.4",0,"0.4"
3/14/2025,"0.4","0.4","0.4","0.9","0.5","0.6","0.2","0.1","0.5"
3/15/2025,"0.4","0.4","0.4","0.8","0.5","0.6","0.2","0.1","0.5"
3/16/2025,"0.36925","0.3807","0.4037","0.74885","0.396","0.65345","0.2","0.07825","0.668"
3/17/2025,"0.3","0.4","0.4","0.7","0.3","0.7","0.2","0.1","0.8"
3/18/2025,"0.4","0.4","0.4","0.6","0.3","0.8","0.2","0.1","0.5"
3/19/2025,"0.4","0.4","0.4","0.7","0.4","0.7",0,0,"0.6"
3/20/2025,"0.4","0.4","0.4","0.7","0.2","0.8","0.2","0.1","0.4"
3/21/2025,"0.4","0.4","0.5","0.7","0.3","0.8","0.2","0.2","0.6"
3/22/2025,"0.4","0.4","0.4","0.7","0.2","0.6",0,"0.1","0.5"
3/23/2025,"0.42535","0.35545","0.42","0.7023","0.2432","0.6125",0,"0.06405","0.61"
3/24/2025,"0.4","0.3","0.4","0.7","0.3","0.6",0,0,"0.8"
3/25/2025,"0.3","0.4","0.4","0.7","0.3","0.6","0.2","0.1","0.6"
3/26/2025,"0.3","0.3","0.4","0.7","0.4","0.7","0.4","0.1","0.6"
3/27/2025,"0.4","0.3","0.5","0.6","0.5","0.8","0.2","0.1","0.5"
3/28/2025,"0.4","0.4","0.5","0.7","0.4","0.7","0.4","0.1","0.7"
3/29/2025,"0.3","0.3","0.4","0.7","0.4","0.8","0.2","0.1","0.4"
3/30/2025,"0.26","0.3396","0.43415","0.6419","0.3545","0.8153","0.1","0.1273","0.252"
3/31/2025,"0.2","0.3","0.5","0.6","0.4","0.9",0,"0.1","0.1"
4/1/2025,"0.1","0.3","0.4","0.7","0.4","0.7","0.4",0,"0.8"
4/2/2025,"0.3","0.3","0.4","0.8","0.4","0.8","0.2","0.1","0.6"
4/3/2025,"0.3","0.3","0.5","0.8","0.5","0.8",0,"0.1","0.6"
4/4/2025,"0.4","0.3","0.6","0.8","0.4","0.9","0.2","0.1","0.7"
4/5/2025,"0.2","0.3","0.4","0.8","0.5","0.8",0,"0.1","0.4"
4/6/2025,"0.268","0.2958","0.4142","0.7933","0.4286","0.7074","0.2","0.0646","0.603"
4/7/2025,"0.3","0.3","0.4","0.7","0.4","0.6","0.4",0,"0.8"
4/8/2025,"0.3","0.3","0.4","0.8","0.4","0.6",0,"0.1","0.8"
4/9/2025,"0.3","0.3","0.5","0.7","0.4","0.6","0.2","0.1","0.7"
4/10/2025,"0.3","0.3","0.4","0.7","0.3","0.6",0,"0.1","0.8"
4/11/2025,"0.4","0.3","0.4","0.7","0.3","0.5","0.2","0.1","0.9"
4/12/2025,"0.4","0.3","0.4","0.7","0.4","0.6",0,"0.1","1.1"
4/13/2025,"0.4133","0.2971","0.39665","0.70465","0.27055","0.47315","0.1","0.09795","0.903"
4/14/2025,"0.4","0.3","0.4","0.7","0.2","0.4","0.2","0.1","0.7"
4/15/2025,"0.4","0.3","0.4","0.7","0.3","0.5",0,"0.1","0.6"
4/16/2025,"0.5","0.3","0.4","0.7","0.2","0.5","0.2","0.1","0.6"
4/17/2025,"0.5","0.3","0.4","0.8","0.3","0.6","0.4","0.1","0.6"
4/18/2025,"0.5","0.3","0.4","0.9","0.4","0.6","0.2","0.1","0.7"
4/19/2025,"0.4","0.3","0.4","0.8","0.3","0.6",0,"0.1","0.5"
4/20/2025,"0.452","0.32795","0.38165","0.72935","0.31025","0.5032","0.2","0.09825","0.689"
4/21/2025,"0.5","0.3","0.4","0.7","0.3","0.4","0.4","0.1","0.9"
4/22/2025,"0.5","0.3","0.4","0.7","0.4","0.6","0.2","0.1","0.7"
4/23/2025,"0.5","0.3","0.4","0.8","0.3","0.6","0.2","0.1","0.8"
4/24/2025,"0.4","0.3","0.4","0.7","0.3","0.6","0.4","0.1","0.7"
4/25/2025,"0.4","0.4","0.4","0.6","0.3","0.7",0,"0.1","0.8"
4/26/2025,"0.4","0.3","0.4","0.6","0.3","0.7","0.2","0.1","0.6"
4/27/2025,"0.44265","0.31055","0.3617","0.6807","0.2797","0.60555","0.1","0.0646","0.704"
4/28/2025,"0.4","0.3","0.3","0.7","0.2","0.5",0,0,"0.8"
4/29/2025,"0.4","0.3","0.3","0.8","0.3","0.6","0.2","0.1","0.6"
4/30/2025,"0.4","0.3","0.4","0.7","0.3","0.7","0.2","0.1","0.6"
5/1/2025,"0.4","0.3","0.4","0.7","0.3","0.6","0.4",0,"0.7"
5/2/2025,"0.5","0.2","0.4","0.6","0.3","0.6","0.2","0.1","0.6"
5/3/2025,"0.5","0.3","0.4","0.8","0.3","0.6","0.2","0.1","0.5"